name,DM,center_f,slope (mhz/ms),slope error (mhz/ms),theta,red_chisq,amplitude,xo,yo,sigmax,sigmay,angle,amp_error,xo_error,yo_error,sigmax_error,sigmay_error,angle_error,f_res (mhz),time_res,slope_abs,slope_over_nuobs,recip_slope_over_nuobs,slope_abs_nuobssq,min_sigma,max_sigma,min_sigma_error,max_sigma_error,sigma_t,tau_w,tau_w_error,sigma_t_ms,tau_w_ms
0086_sub.npz,515.2,1372.47431744476,-52.7166040739156,0.039141291695734,39.9157031994012,16.1295456755022,2.32027554493769E-05,300.449616993877,128.417128207619,-37.3688030070136,7.59080874017116,39.9157031994012,2.76350374529621E-08,0.027744001599346,0.035960536386935,0.044510130282226,0.009041061640242,0.00035686597983,3.90529632568359,9.8304E-05,52.7166040739156,0.038409902031582,26.0349531529075,2.7985880350091E-08,7.59080874017116,37.3688030070136,0.009041061640242,0.044510130282226,0.000746206862394,0.000923609735427,0.001100066594725,0.746206862393786,0.923609735426958
0086_sub.npz,515.742105263158,1372.47431744476,-59.111208061888,0.049016277539151,11.587306693835,16.0313607067071,2.31865119335391E-05,300.455864006402,128.421795801011,-36.2454289725488,7.84125570089574,11.587306693835,2.77332986036242E-08,0.025406211703117,0.03636140866712,0.043355127252474,0.009378915185198,0.000383896451683,3.90529632568359,9.8304E-05,59.111208061888,0.043069081374098,23.2185124013675,3.1380610060728E-08,7.84125570089574,36.2454289725488,0.009378915185198,0.043355127252474,0.000770826800421,0.000919070846625,0.001099297639675,0.770826800420855,0.919070846624808
0086_sub.npz,516.284210526316,1372.47431744476,13.9534501183841,1065.13907759431,28.6121092311255,25.1551348062821,-3.63289322050013E-05,149.75328440538,743.456177947702,400.320156207094,110.447691423877,28.6121092311255,0.022626750762703,149277.938144111,73583.8999515129,32329.0167115674,3041.65678234209,23.8672293902084,3.90529632568359,9.8304E-05,-13.9534501183841,-0.010166638414307,-98.3609290749163,-7.40752543423565E-09,110.447691423877,400.320156207094,3041.65678234209,32329.0167115674,0.010857449857733,0.025765097974346,1350.38857126056,10.8574498577328,25.7650979743459
0086_sub.npz,516.826315789474,1372.47431744476,-78.2166442242768,0.082069761893874,24.0318975498008,16.5129928254018,2.30960204499939E-05,300.458424777708,128.402709005933,-34.6197953527808,8.32740522145291,24.0318975498008,2.70993206748305E-08,0.020354250885557,0.036487198893524,0.040622003640002,0.009770901397155,0.000423640756606,3.90529632568359,9.8304E-05,78.2166442242768,0.056989513923946,17.5470877209889,4.1523191508638E-08,8.32740522145291,34.6197953527808,0.009770901397155,0.040622003640002,0.00081861724289,0.00091137829861,0.001069358401178,0.818617242889707,0.911378298610392
0086_sub.npz,517.368421052632,1372.47431744476,-93.7984728812311,0.116409933465776,20.8209794965159,16.8762038785797,2.3022125627203E-05,300.459239246904,128.381372008889,-33.8801260098438,8.57027004643108,20.8209794965159,2.68470556245359E-08,0.017947841787431,0.036589307761488,0.039509838531524,0.009994150146516,0.000445684511997,3.90529632568359,9.8304E-05,93.7984728812311,0.068342606990171,14.6321605809362,4.97951809527553E-08,8.57027004643108,33.8801260098438,0.009994150146516,0.039509838531524,0.000842491826644,0.000909733778091,0.001060878209743,0.842491826644361,0.909733778091091
0086_sub.npz,517.91052631579,1372.47431744476,68.3501403368372,5.5439864428346E+021,38.7434091158872,26.3909041141027,-0.000227082453463,-621.494950895653,1166.80773301387,103.345312496443,1469.74525423139,40.3142054426821,7.40456200288031E+017,1.45316111639848E+024,2.55108065644564E+024,2.87602996254285E+021,7.58024821432435E+024,3.52393668532513E+019,3.90529632568359,9.8304E-05,-68.3501403368372,-0.049800669832635,-20.0800511993253,-3.6285320023585E-08,103.345312496443,1469.74525423139,2.87602996254285E+021,7.58024821432435E+024,0.01015925759965,0.020070701566721,1.98915777252509E+021,10.1592575996504,20.0707015667211
0086_sub.npz,518.452631578947,1372.47431744476,-16.1756606148079,1159328776.77876,15.3212884033735,26.2757316765625,3.52342579571012E-05,157.045437382146,807.943468108043,-48.9211983620992,711.110768804485,16.8920847301684,21106.1928125736,9442349712.27987,20132954429.0367,1612552950.44866,441414761316.571,25032456.5427091,3.90529632568359,9.8304E-05,16.1756606148079,0.011785765612666,84.8481153337464,8.58723945713504E-09,48.9211983620992,711.110768804485,1612552950.44866,441414761316.571,0.004809149483788,0.005190487254443,178886634.074759,4.8091494837878,5.19048725444278
0086_sub.npz,518.994736842105,1372.47431744476,13.8732169504394,56095343.0460581,6.61916168778831,25.6627969841631,-3.87716096886765E-06,333.126195011769,749.939813919018,627.659396110859,61.2407469398044,6.61916168778831,49.8922335370636,1494177367.57034,955425422.363644,8578964279.70656,114925586.210852,1258547.89425001,3.90529632568359,9.8304E-05,-13.8732169504394,-0.01010817963885,-98.9297811998313,-7.36493172248858E-09,61.2407469398044,627.659396110859,114925586.210852,8578964279.70656,0.006020210387171,0.017586620503296,68052074.2137122,6.02021038717053,17.5866205032957
0086_sub.npz,519.536842105263,1372.47431744476,-432.409590617503,2.5501719452075,4.80400470585156,16.124995164102,2.274333013189E-05,300.468331880131,128.470896746888,-31.7985967963223,9.24981930713546,4.80400470585156,2.71921518468483E-08,0.0115492604675,0.037875236476523,0.038021299087784,0.011059372800297,0.000537293139514,3.90529632568359,9.8304E-05,432.409590617503,0.315058420490193,3.17401451592412,2.29555057231789E-07,9.24981930713546,31.7985967963223,0.011059372800297,0.038021299087784,0.000909294237169,0.000912797776281,0.001091369443007,0.909294237168644,0.912797776281213
0086_sub.npz,520.078947368421,1372.47431744476,0.354669739088068,29.1782462675819,0.008927498672893,25.0119983206089,-0.000201015158811,530.207820500006,584.657189774995,-80.1062479522084,1231.30664850541,1.57972382546779,0.028772209842196,58972.1976571949,5192.433132734,587.652183856128,12329.2840945826,0.734415388934252,3.90529632568359,9.8304E-05,-0.354669739088068,-0.000258416303008,-3869.72489103155,-1.88284982621405E-10,80.1062479522084,1231.30664850541,587.652183856128,12329.2840945826,0.007874764598694,0.007875077091065,57.770856088277,7.8747645986939,7.8750770910648
0086_sub.npz,520.621052631579,1372.47431744476,472.946360507579,3.00266778598475,1.48699467023915,16.6700600690224,2.27686139767331E-05,300.465173432609,128.531296431577,9.28681927901627,31.8323372574961,3.05779099703405,2.674157343301E-08,0.011311581499359,0.037278450722335,0.010908036347518,0.037398659974596,0.00052955711596,3.90529632568359,9.8304E-05,-472.946360507579,-0.344593960335883,-2.9019661256549,-2.51074978931073E-07,9.28681927901627,31.8323372574961,0.010908036347518,0.037398659974596,0.000912931482404,0.00301767636215,0.003545098750108,0.912931482404415,3.01767636215001
0086_sub.npz,521.163157894737,1372.47431744476,232.636079103986,0.732387841826975,7.68484543324152,16.244862277102,2.27199922722652E-05,300.460791175378,128.498446760908,9.22575884949509,-32.3188869060975,9.25564176003642,2.70056134428536E-08,0.012597115639053,0.037918030042259,0.010966518361322,0.038421508131296,0.000522379605743,3.90529632568359,9.8304E-05,-232.636079103986,-0.169501225740312,-5.89966235130399,-1.23500471801822E-07,9.22575884949509,32.3188869060975,0.010966518361322,0.038421508131296,0.000906928997941,0.00276592860569,0.003287862917837,0.906928997940765,2.7659286056897
0086_sub.npz,521.705263157895,1372.47431744476,153.746606221385,0.324179585765603,4.45952869583022,15.7577988829622,2.26442931530926E-05,300.464102511881,128.503373347686,9.11707985246343,-32.9799447609601,6.03032502262512,2.7321920509309E-08,0.01457943015961,0.038627866776607,0.011000660056613,0.039795377543431,0.000510726363483,3.90529632568359,9.8304E-05,-153.746606221385,-0.112021481398374,-8.92685927303327,-8.16200929769912E-08,9.11707985246343,32.9799447609601,0.011000660056613,0.039795377543431,0.000896245417817,0.002446302631285,0.002951672247332,0.896245417816565,2.4463026312846
0086_sub.npz,522.247368421053,1372.47431744476,25.5082390722342,-56.1053805272107,-2.5707963267949,2670778.78000005,-1,-1,-1,-1,-1,-1,-1,-1,-1,-1,-1,-1,3.90529632568359,9.8304E-05,-25.5082390722342,-0.018585585717717,-53.8051377658094,-1.35416637539118E-08,1,1,-1,-1,9.8304E-05,9.8304E-05,0.075290153414294,0.098304,0.098304
0086_sub.npz,522.789473684211,1372.47431744476,14.8684411609824,139598487.966619,25.4908699450547,24.4515727623633,-0.000166597949954,416.751026837028,1400.23594956478,132.126829976712,1760.11215014982,27.0616662718496,1294.2123764652,1388471513.29962,1835795438.86511,206295432.447118,37832607751.9947,3082222.01955786,3.90529632568359,9.8304E-05,-14.8684411609824,-0.010833311029575,-92.3078823519441,-7.89327049102375E-09,132.126829976712,1760.11215014982,206295432.447118,37832607751.9947,0.012988595894031,0.01386302048329,26838277.7584423,12.9885958940307,13.8630204832894
0086_sub.npz,523.331578947369,1372.47431744476,78.6584815713717,0.087832605592683,10.527892186237,15.1437512032391,2.24783506982971E-05,300.470422691613,128.462920529348,8.65600016644603,35.477867908782,12.0986885130319,2.75295791975329E-08,0.021750663746767,0.039072422397187,0.010600372856432,0.043444138875193,0.000449341399477,3.90529632568359,9.8304E-05,-78.6584815713717,-0.057311441512302,-17.4485229059429,-4.17577515177134E-08,8.65600016644603,35.477867908782,0.010600372856432,0.043444138875193,0.000850919440362,0.001699573782294,0.002081403421434,0.85091944036231,1.69957378229444
0086_sub.npz,523.873684210526,1372.47431744476,67.3653785349616,0.064708497896776,16.7459330165156,15.2915896186724,2.23624543661289E-05,300.467678886411,128.47616908335,8.4464499571043,36.6465647834553,18.3167293433105,2.73038460851394E-08,0.024407348988679,0.038901799970998,0.010313688397752,0.044751673255964,0.000420295589021,3.90529632568359,9.8304E-05,-67.3653785349616,-0.049083161468829,-20.3735857690233,-3.57625354769555E-08,8.4464499571043,36.6465647834553,0.010313688397752,0.044751673255964,0.000830319816583,0.001522436233265,0.001858954105932,0.830319816583181,1.52243623326528
0086_sub.npz,524.415789473684,1372.47431744476,59.3833205601399,0.050330662647896,26.1139295996506,15.5641054108917,2.24163301192599E-05,300.463806430103,128.473765532708,-37.6160761320961,8.20413867431267,26.1139295996506,2.71133988595254E-08,0.026611546245375,0.038219458010685,0.045502036774727,0.009923643810508,0.000391700782763,3.90529632568359,9.8304E-05,-59.3833205601399,-0.04326734555638,-23.112118091389,-3.15250675414709E-08,8.20413867431267,37.6160761320961,0.009923643810508,0.045502036774727,0.00080649964824,0.00096016501671,0.001161403320767,0.806499648239632,0.96016501671017
0086_sub.npz,524.957894736842,1372.47431744476,25.5082390722342,-56.1053805272107,-2.5707963267949,2753280.81835254,-1,-1,-1,-1,-1,-1,-1,-1,-1,-1,-1,-1,3.90529632568359,9.8304E-05,-25.5082390722342,-0.018585585717717,-53.8051377658094,-1.35416637539118E-08,1,1,-1,-1,9.8304E-05,9.8304E-05,0.075290153414294,0.098304,0.098304
0086_sub.npz,525.5,1372.47431744476,47.8797559662487,0.034098865675425,26.0109363050085,15.6427712652466,2.21684499181192E-05,300.474395104325,128.485846629391,39.8651192615053,7.77503284076131,26.0109363050085,2.70580241758485E-08,0.031911931615611,0.037928970660476,0.048651225262743,0.009489230228603,0.000349973385392,3.90529632568359,9.8304E-05,-47.8797559662487,-0.034885720889401,-28.6650232388871,-2.54181229083762E-08,7.77503284076131,39.8651192615053,0.009489230228603,0.048651225262743,0.000764316828378,0.000980397443085,0.0011965556245,0.764316828378199,0.980397443084799
0086_sub.npz,518.3,1372.47431744476,-140.250187913641,0.259512269375585,4.98841455269554,16.7447633399103,2.29204781421724E-05,300.46052260306,128.371342171743,8.92773725316354,32.836273937938,6.55921087949043,2.67849963040321E-08,0.014496167459438,0.037030450772585,0.010433073724785,0.038373874264847,0.000485194571688,3.90529632568359,9.8304E-05,140.250187913641,0.102187841426975,9.78590002524535,7.44551938991656E-08,8.92773725316354,32.836273937938,0.010433073724785,0.038373874264847,0.000877632282935,0.002323223077078,0.002714934139925,0.877632282934988,2.32322307707759
0621_sub.npz,515.2,1166.50347626334,-19.4777109402233,2158.39610446539,2.68574128394232,21.8155117639888,-1.17703305405785E-05,246.149621624031,874.172096905341,-114.358268556682,1173.37328991556,4.25653761073721,0.027693758350971,3570269.97088594,1715408.23088806,4759.44430727426,2322663.11128439,43.8017321374319,3.90529632568359,9.8304E-05,19.4777109402233,0.016697516412567,59.8891461036315,1.43141591536907E-08,114.358268556682,1173.37328991556,4759.44430727426,2322663.11128439,0.011241875232196,0.012506103905857,585.920620327877,11.241875232196,12.5061039058565
0621_sub.npz,515.742105263158,1166.50347626334,-155.230686558861,0.283299413814836,1.82133949868432,14.8648853761706,4.3959696087319E-05,300.449497927154,128.291819332019,-5.46305012065715,-25.3005938374287,3.39213582547921,6.01543668426839E-08,0.01123200530374,0.033593175277634,0.007476566788019,0.034623117911613,0.000438350760958,3.90529632568359,9.8304E-05,155.230686558861,0.133073488178631,7.51464483036358,1.14078946943995E-07,5.46305012065715,25.3005938374287,0.007476566788019,0.034623117911613,0.000537039679061,0.001655548833299,0.002265704825427,0.53703967906108,1.65554883329892
0621_sub.npz,516.284210526316,1166.50347626334,-302.207350820651,1.12208291080744,1.70150208223319,14.398393142167,4.33740933734005E-05,300.451288463971,128.257243499533,5.61940171110218,24.6507870135874,3.27229840902809,6.12040082902958E-08,0.009074273286426,0.03450117779302,0.007928564039709,0.034782345446216,0.000479796412821,3.90529632568359,9.8304E-05,302.207350820651,0.259071110348263,3.859944085065,2.22092017400708E-07,5.61940171110218,24.6507870135874,0.007928564039709,0.034782345446216,0.000552409665808,0.00211730326867,0.002987456921982,0.552409665808189,2.11730326866966
0621_sub.npz,516.826315789474,1166.50347626334,-5693.73860954023,412.203726609418,4.7193661331229,14.2152711353114,4.31076784007378E-05,300.459126494272,128.531268426438,-5.7088442417894,-24.2224155688021,6.2901624599178,6.16914972199181E-08,0.008174140988824,0.034665480474056,0.00817075139557,0.03466627986219,0.000505101343883,3.90529632568359,9.8304E-05,5693.73860954023,4.88103012584155,0.204874785489587,4.18432540079261E-06,5.7088442417894,24.2224155688021,0.00817075139557,0.03466627986219,0.000561202224345,0.002380175518904,0.003406424853571,0.561202224344865,2.38017551890388
0621_sub.npz,517.368421052632,1166.50347626334,315.735521828017,1.21216294230294,1.44563126931056,13.9170741084176,4.39799746530407E-05,300.453033271429,128.628278873243,5.5425613691161,24.6804265154826,3.01642759610546,6.2544238131963E-08,0.008962593013377,0.034833064598415,0.007880093557824,0.035093797152674,0.000475527122259,3.90529632568359,9.8304E-05,-315.735521828017,-0.270668307684272,-3.69455888114716,-2.32033862900524E-07,5.5425613691161,24.6804265154826,0.007880093557824,0.035093797152674,0.00054485595283,0.002133300858312,0.003033252019703,0.544855952829589,2.13330085831172
0621_sub.npz,517.91052631579,1166.50347626334,125.819881852688,1.27256726778271,1.26495984825564,20.6588568316706,-2.60639352202006E-06,433.8413287088,127.905246614572,-6.71556483456887,50.6751191296921,2.83575617505054,3.96981011819488E-08,0.251050284640842,0.733207303622883,0.101832274801351,0.775265684420577,0.002903978038859,3.90529632568359,9.8304E-05,-125.819881852688,-0.107860700300463,-9.27121738700323,-9.24649625957172E-08,6.71556483456887,50.6751191296921,0.101832274801351,0.775265684420577,0.000660166885497,0.002021728131282,0.030693403463905,0.660166885497458,2.02172813128206
0621_sub.npz,518.452631578947,1166.50347626334,-16.0430103791074,2496012.95145568,2.75778533554106,20.5762763548962,-1.448464364801E-06,424.110839085228,875.93692407073,-96.5178009224491,1570.14434812057,4.32858166233596,1.84887501497127,320088169.530182,139455143.197448,9667698.90294469,5399446311.1009,54019.8885242394,3.90529632568359,9.8304E-05,16.0430103791074,0.013753075499182,72.7110092618563,1.17899995834019E-08,96.5178009224491,1570.14434812057,9667698.90294469,5399446311.1009,0.00948808590188,0.010229396457407,1048045.02515664,9.48808590188044,10.2293964574072
0621_sub.npz,518.994736842105,1166.50347626334,25.5082390722342,-56.1053805272107,-2.5707963267949,1178476.89927978,-1,-1,-1,-1,-1,-1,-1,-1,-1,-1,-1,-1,3.90529632568359,9.8304E-05,-25.5082390722342,-0.02186726365698,-45.7304588121521,-1.87459909909807E-08,1,1,-1,-1,9.8304E-05,9.8304E-05,0.075290153414294,0.098304,0.098304
0621_sub.npz,519.536842105263,1166.50347626334,-12.0126509872829,2293304.8846632,2.84795189602209,21.1745672177374,-1.6707400866789E-06,371.110464247146,881.968514372624,-99.2535569770469,1608.90576333658,4.41874822281699,1.87560057003885,256293297.153832,109035721.870204,12229492.8997998,5278457453.47757,52890.9230366814,3.90529632568359,9.8304E-05,12.0126509872829,0.01029799844726,97.1062488619908,8.82809066308775E-09,99.2535569770469,1608.90576333658,12229492.8997998,5278457453.47757,0.009757021665072,0.010191559513203,1265817.07114378,9.75702166507161,10.1915595132034
0621_sub.npz,520.078947368421,1166.50347626334,50.7679209323732,0.033018627882904,0.906807431251376,14.2974324413873,4.33611556771511E-05,300.4747877531,128.468784222612,4.72100961974832,-30.1606536318633,2.47760375804627,6.02994479264771E-08,0.026363073368352,0.033283514266158,0.006567101352721,0.041948504532375,0.000315652065194,3.90529632568359,9.8304E-05,-50.7679209323732,-0.043521448470088,-22.9771764303133,-3.73093174222681E-08,4.72100961974832,30.1606536318633,0.006567101352721,0.041948504532375,0.00046409412966,0.000738448949365,0.001027207741457,0.464094129659739,0.738448949364806
0621_sub.npz,520.621052631579,1166.50347626334,10.0924519528034,8079295692.73855,6.53196916880052,22.1314182445687,6.91193893468274E-06,148.716685515778,860.206524375697,75.150090768043,1442.75184698357,8.10276549559541,4898.27588874333,36203831574.0483,26813836850.3645,5062842105.20556,12331512051428.3,191041969.71527,3.90529632568359,9.8304E-05,-10.0924519528034,-0.008651883306111,-115.581771577254,-7.41693743924861E-09,75.150090768043,1442.75184698357,5062842105.20556,12331512051428.3,0.007387554522862,0.007621555822014,632233646.556053,7.3875545228617,7.62155582201393
0621_sub.npz,521.163157894737,1166.50347626334,38.0562864881018,0.018438269518679,3.90551845120066,15.514442104023,4.25643424035895E-05,300.474505164779,128.45849062319,4.29505334542035,34.1242075384322,5.47631477799556,5.69492651624633E-08,0.033211503715076,0.031857978479708,0.005747570949884,0.045660705367098,0.000242026632687,3.90529632568359,9.8304E-05,-38.0562864881018,-0.032624237529071,-30.6520573579358,-2.79675441976188E-08,4.29505334542035,34.1242075384322,0.005747570949884,0.045660705367098,0.000422220924068,0.000580487310698,0.00077679827633,0.422220924068202,0.580487310698467
0621_sub.npz,521.705263157895,1166.50347626334,33.8245724214896,0.015003627741097,6.98850961530357,14.8516808487123,4.24377490255306E-05,300.481888240299,128.447556956081,-4.05354380535103,-36.2776680985438,8.55930594209847,5.80565746970723E-08,0.03796318537451,0.032454442182939,0.005546613491281,0.049635973562215,0.000218947888378,3.90529632568359,9.8304E-05,-33.8245724214896,-0.028996546611108,-34.4868653985475,-2.4857659836551E-08,4.05354380535103,36.2776680985438,0.005546613491281,0.049635973562215,0.000398479570241,0.000520997799563,0.000712899942202,0.398479570241228,0.520997799563465
0621_sub.npz,522.247368421053,1166.50347626334,30.5834000216811,0.012910953637646,0.656081035061589,14.5179157013621,4.16284770498501E-05,300.481158870617,128.4497779999,-3.90958739771918,38.3811497251238,2.22687736185649,5.83565357246644E-08,0.042763850393544,0.033107647790009,0.005480535022172,0.053803597682731,0.000204057391769,3.90529632568359,9.8304E-05,-30.5834000216811,-0.026218010185147,-38.1417198688301,-2.2475724006525E-08,3.90958739771918,38.3811497251238,0.005480535022172,0.053803597682731,0.000384328079545,0.000483540077704,0.000677835857155,0.384328079545386,0.48354007770436
0621_sub.npz,522.789473684211,1166.50347626334,27.772235958212,0.011221043892323,0.610109508298881,13.5043667159485,4.13976369091459E-05,300.482449628296,128.450267418396,3.70982814671092,40.6707849898513,2.18090583509378,6.03769731758533E-08,0.048716834793192,0.034276517183513,0.005411131348306,0.059320561092092,0.000189731201363,3.90529632568359,9.8304E-05,-27.772235958212,-0.023808103896248,-42.0025048764002,-2.04098010684997E-08,3.70982814671092,40.6707849898513,0.005411131348306,0.059320561092092,0.000364690946134,0.000444068163593,0.000647714827199,0.36469094613427,0.444068163592956
0621_sub.npz,523.331578947369,1166.50347626334,25.5613609221037,0.010701461424936,0.571742573978875,11.1230074397852,4.13015085116396E-05,300.484481013725,128.440889063063,3.53205321860758,-42.6855032701788,2.14253890077377,6.67716864107862E-08,0.058121092346638,0.03765213500749,0.005710941409177,0.069015435965706,0.00019050671698,3.90529632568359,9.8304E-05,-25.5613609221037,-0.021912803041089,-45.6354213618816,-1.87850302094958E-08,3.53205321860758,42.6855032701788,0.005710941409177,0.069015435965706,0.000347214959602,0.000412295661347,0.000666636581049,0.347214959601999,0.412295661346565
0621_sub.npz,523.873684210526,1166.50347626334,23.8042383121312,0.010795551307226,0.539830734169126,9.46960313096853,3.97704920057911E-05,300.48500638441,128.441190293756,3.32633640586315,43.754289509471,2.11062706096402,7.35530978248795E-08,0.069471827836863,0.041916192361294,0.006150097457518,0.080904117275405,0.000199953839125,3.90529632568359,9.8304E-05,-23.8042383121312,-0.020406487247156,-49.0040244500853,-1.74937217611425E-08,3.32633640586315,43.754289509471,0.006150097457518,0.080904117275405,0.000326992174042,0.000380805635082,0.000704075681991,0.326992174041972,0.380805635082274
0621_sub.npz,524.415789473684,1166.50347626334,25.5082390722342,-56.1053805272107,-2.5707963267949,451955.539713717,-1,-1,-1,-1,-1,-1,-1,-1,-1,-1,-1,-1,3.90529632568359,9.8304E-05,-25.5082390722342,-0.02186726365698,-45.7304588121521,-1.87459909909807E-08,1,1,-1,-1,9.8304E-05,9.8304E-05,0.075290153414294,0.098304,0.098304
0621_sub.npz,524.957894736842,1166.50347626334,21.8192655042577,0.025630191738684,13.0686254475223,4.00993959474987,3.99228090252E-05,300.472324277948,128.414479894444,2.89751815790275,-31.012316806702,14.6394217743172,1.48458111069649E-07,0.101192499083955,0.056301687553999,0.010772895649122,0.115298513197277,0.000495646685596,3.90529632568359,9.8304E-05,-21.8192655042577,-0.018704843961676,-53.4620872565903,-1.60349663265409E-08,2.89751815790275,31.012316806702,0.010772895649122,0.115298513197277,0.000284837624994,0.00032454484763,0.001206649879333,0.284837624994472,0.324544847629516
0621_sub.npz,525.5,1166.50347626334,15.3735284378864,924567032.08561,9.79401178778234,4.36619682581178,-1.34737792763562E-07,566.063333372651,1009.16819246933,81.0725357235284,824.863083289747,11.3648081145772,15.5357451996149,18503949090.0949,12256144859.4158,1547507226.37802,73301873649.1462,20241853.1972376,3.90529632568359,9.8304E-05,-15.3735284378864,-0.013179153556518,-75.8774071272156,-1.12979976696981E-08,81.0725357235284,824.863083289747,1547507226.37802,73301873649.1462,0.007969754551766,0.008539524734773,175698485.582284,7.96975455176573,8.53952473477294
0621_sub.npz,516.6,1166.50347626334,-682.277027397069,5.88350307218586,1.62895734100572,14.0082448337428,4.35117164097379E-05,300.456255967937,128.431920413324,5.63228961774584,-24.1973835395149,3.19975366780061,6.25737847902046E-08,0.008333526265175,0.034739535079989,0.008098201840976,0.03479514457028,0.000500411604024,3.90529632568359,9.8304E-05,682.277027397069,0.584890693667377,1.70972116812085,5.01405015560656E-07,5.63228961774584,24.1973835395149,0.008098201840976,0.03479514457028,0.000553676598583,0.002311503006611,0.003323835204879,0.553676598582888,2.31150300661085
0030_sub.npz,515.2,1321.1387207382,-71.9898566768494,0.002409025030235,8.35823477603565,379.395992656027,0.001320945315324,300.492618588313,128.425372155074,9.44207354670392,45.3616415786153,9.92903110283054,6.07714088930277E-08,0.00107748642764,0.001838956423579,0.000434325309157,0.002088025359859,1.41556260976927E-05,3.90529632568359,9.8304E-05,71.9898566768494,0.05449076281454,18.3517342820749,4.12452999516149E-08,9.44207354670392,45.3616415786153,0.000434325309157,0.002088025359859,0.000928193597935,0.001797494598844,8.26858479715708E-05,0.928193597935182,1.79749459884406
0030_sub.npz,515.742105263158,1321.1387207382,-85.1871543106902,0.003403402313999,-13.7008027500612,373.473908928204,0.001320174044924,300.493362207724,128.405770107123,9.71827096144118,-44.0079103965136,-12.1300064232663,6.1540491293646E-08,0.000959228635801,0.001868878620698,0.000452949718734,0.002052690161805,1.53033454592276E-05,3.90529632568359,9.8304E-05,85.1871543106902,0.064480098095294,15.5086612697474,4.88064554335864E-08,9.71827096144118,44.0079103965136,0.000452949718734,0.002052690161805,0.000955344908594,0.002042914736867,9.52213198171332E-05,0.955344908593513,2.04291473686703
0030_sub.npz,516.284210526316,1321.1387207382,-104.338137777547,0.00495158113823,-7.49017956756381,391.743640301226,0.001320469716329,300.493752069069,128.381565695835,-42.7970588899997,9.94080258213806,-7.49017956756381,6.00201777649824E-08,0.000810732829352,0.001824895645527,0.001946501962513,0.000451772318227,1.57814268941255E-05,3.90529632568359,9.8304E-05,104.338137777547,0.078975913838365,12.6620883684441,5.97786686580774E-08,9.94080258213806,42.7970588899997,0.000451772318227,0.001946501962513,0.000977220657035,0.001041592750294,4.73365635721274E-05,0.9772206570345,1.04159275029366
0030_sub.npz,516.826315789474,1321.1387207382,-133.133401711746,0.008174772291358,-13.847180603056,377.244915905642,0.001320918631909,300.493611259878,128.453759093,10.1334201511042,41.7205256137131,-12.2763842762611,6.08864208205065E-08,0.000708928599199,0.001847441633069,0.000467015007975,0.001924243000585,1.68244182038669E-05,3.90529632568359,9.8304E-05,133.133401711746,0.100771705213028,9.9234204470991,7.62763997687697E-08,10.1334201511042,41.7205256137131,0.000467015007975,0.001924243000585,0.000996155734534,0.002701878506369,0.000124540669344,0.996155734534152,2.70187850636901
0030_sub.npz,517.368421052632,1321.1387207382,-192.437399007433,0.017103897212679,8.05756152359233,369.042273961873,0.001323020444269,300.49592999984,128.53956976694,10.3324179617584,40.7822664259995,9.62835785038723,6.08126162421421E-08,0.000599909858675,0.001838153234066,0.000474867429205,0.001875628424948,1.75984317506134E-05,3.90529632568359,9.8304E-05,192.437399007433,0.145660252013435,6.86529088187878,1.10253563631869E-07,10.3324179617584,40.7822664259995,0.000474867429205,0.001875628424948,0.001015718015313,0.003173488090169,0.00014589472403,1.0157180153127,3.17348809016907
0030_sub.npz,517.91052631579,1321.1387207382,-337.488620915051,0.052513868494091,-39.1527345878502,368.8726158772,0.001330340534869,300.498291138412,128.524852995645,-39.9972085379036,-10.4392589928441,-39.1527345878502,6.06828413708012E-08,0.000518717402537,0.001812648856317,0.001825419272778,0.000476110603186,1.80660056513094E-05,3.90529632568359,9.8304E-05,337.488620915051,0.255452826881402,3.91461708295859,1.93358065183848E-07,10.4392589928441,39.9972085379036,0.000476110603186,0.001825419272778,0.001026220916033,0.001032818944268,4.71045035031122E-05,1.02622091603255,1.03281894426818
0030_sub.npz,518.452631578947,1321.1387207382,-1321.14891642021,0.829326338879412,-64.3725886226988,355.456985010869,0.001333831489321,300.498540085812,128.509671586918,39.3127548008164,10.5341508275226,-64.3725886226988,6.16174538664651E-08,0.000489395611407,0.00181512208503,0.001816795318655,0.000486560970035,1.88587197365253E-05,3.90529632568359,9.8304E-05,1321.14891642021,1.00000771734403,0.999992282715529,7.56928626530049E-07,10.5341508275226,39.3127548008164,0.000486560970035,0.001816795318655,0.001035549162949,0.001035983597617,4.78509561552372E-05,1.03554916294878,1.03598359761714
0030_sub.npz,518.994736842105,1321.1387207382,660.945588392904,0.207183632254658,10.9355406142924,354.249534764753,0.001335692260168,300.499918412156,128.539352518416,39.0923532852299,10.5465235893574,10.9355406142924,6.09425829777123E-08,0.000492055526278,0.001780543350779,0.001784313644367,0.000481146648103,1.87733022737377E-05,3.90529632568359,9.8304E-05,-660.945588392904,-0.500284775563611,-1.99886154615323,-3.78676945660992E-07,10.5465235893574,39.0923532852299,0.000481146648103,0.001784313644367,0.001036765454928,0.001038500011116,4.73777740972448E-05,1.03676545492819,1.03850001111567
0030_sub.npz,519.536842105263,1321.1387207382,267.172236559047,0.033699618506268,10.8479625046672,350.709627639122,0.001338709026632,300.50123481326,128.565283229526,39.3586034575932,10.450522562582,10.8479625046672,6.08099874925546E-08,0.000538088098136,0.001769607437472,0.001788436188517,0.000474647902569,1.83496431756404E-05,3.90529632568359,9.8304E-05,-267.172236559047,-0.202228753396738,-4.94489523969013,-1.53071551247655E-07,10.450522562582,39.3586034575932,0.000474647902569,0.001788436188517,0.001027328169992,0.001037814503722,4.71360718339528E-05,1.02732816999206,1.03781450372162
0030_sub.npz,520.078947368421,1321.1387207382,171.08341220672,0.014178861604418,10.7674110042151,331.682154676178,0.001337606375031,300.502474327132,128.568232504763,39.7654022225954,10.3454812354733,10.7674110042151,6.1894804960014E-08,0.000624977217803,0.00179552721877,0.001840675356177,0.000478667021952,1.82599976701159E-05,3.90529632568359,9.8304E-05,-171.08341220672,-0.129496932851325,-7.72219061858473,-9.80191790752813E-08,10.3454812354733,39.7654022225954,0.000478667021952,0.001840675356177,0.001017002187372,0.001042160620609,4.82189355848877E-05,1.01700218737196,1.04216062060929
0030_sub.npz,520.621052631579,1321.1387207382,124.869476108935,0.007616876267785,10.6875540014634,321.631806162535,0.001338753007066,300.504012141629,128.561929394106,40.4231249826417,10.1710065092371,10.6875540014634,6.21074553452284E-08,0.000724789862736,0.001792638764336,0.001875859863894,0.000471804364532,1.76227734160185E-05,3.90529632568359,9.8304E-05,-124.869476108935,-0.094516551629918,-10.5801574724766,-7.15417314974359E-08,10.1710065092371,40.4231249826417,0.000471804364532,0.001875859863894,0.000999850623884,0.001045886409716,4.85157605839988E-05,0.99985062388404,1.0458864097163
0030_sub.npz,521.163157894737,1321.1387207382,98.8063843521279,0.004843363237164,-11.3778607851857,309.131063731254,0.001338499594859,300.504399436873,128.551300133917,-9.97145785637753,41.1299602590302,-9.80706445839078,6.23440490202378E-08,0.000834460119172,0.001785775640326,0.00046440839189,0.001916233142312,1.69660899766998E-05,3.90529632568359,9.8304E-05,-98.8063843521279,-0.074788803629129,-13.3709853811662,-5.66093495369968E-08,9.97145785637753,41.1299602590302,0.00046440839189,0.001916233142312,0.000980234193113,0.002250246446504,0.000104806707148,0.980234193113337,2.25024644650399
0030_sub.npz,521.705263157895,1321.1387207382,81.8143890759232,0.00337133901078,-5.16442723638787,306.517425276411,0.001335475907865,300.506382221712,128.541381094381,42.0240641087037,-9.75822464618645,-5.16442723638787,6.22981990225441E-08,0.000949109042348,0.00177455918227,0.001960803120349,0.000455176689621,1.61914157570878E-05,3.90529632568359,9.8304E-05,-81.8143890759232,-0.061927175240318,-16.1479995836941,-4.68740899560611E-08,9.75822464618645,42.0240641087037,0.000455176689621,0.001960803120349,0.000959272515619,0.001059666723126,4.94286687042779E-05,0.959272515618712,1.05966672312613
0030_sub.npz,522.247368421053,1321.1387207382,69.8304850698963,0.002448434193756,-2.0880360027982,305.835880025386,0.001334451299875,300.507296774943,128.532706140745,43.095833044723,-9.4919630928834,-2.0880360027982,6.14317834351254E-08,0.001051893591195,0.001737785172845,0.001984258104907,0.000436930542368,1.50698173136243E-05,3.90529632568359,9.8304E-05,-69.8304850698963,-0.052856285243746,-18.9192258855973,-4.00081266365523E-08,9.4919630928834,43.095833044723,0.000436930542368,0.001984258104907,0.000933097939883,0.00106519945898,4.90329385519653E-05,0.93309793988281,1.06519945898037
0030_sub.npz,522.789473684211,1321.1387207382,61.1175902158661,0.001904360037451,98.3837899751104,302.54310791047,0.001332787828129,300.508555835448,128.527299074227,-9.22399712942218,44.2113622118225,99.9545863019053,6.15162173682319E-08,0.001167935833085,0.001726521619471,0.000425716434289,0.002040908471731,1.42378766989791E-05,3.90529632568359,9.8304E-05,-61.1175902158661,-0.046261296604581,-21.6163418104667,-3.50162294681152E-08,9.22399712942218,44.2113622118225,0.000425716434289,0.002040908471731,0.000906755813811,0.001584194243354,7.3116122133401E-05,0.906755813810718,1.5841942433538
0030_sub.npz,523.331578947369,1321.1387207382,54.5383134354294,0.001531012292615,10.3660288671518,303.000515327453,0.001328513464621,300.510477181563,128.521603467098,45.3536160109603,8.97120649118119,10.3660288671518,6.09655375627679E-08,0.001269740468473,0.001699606250677,0.002081532202997,0.000411670495118,1.33597433215029E-05,3.90529632568359,9.8304E-05,-54.5383134354294,-0.041281292100012,-24.2240479677164,-3.12467505887237E-08,8.97120649118119,45.3536160109603,0.000411670495118,0.002081532202997,0.000881905482909,0.001079916238235,4.95552233303094E-05,0.881905482909076,1.07991623823476
0030_sub.npz,523.873684210526,1321.1387207382,49.0132514566177,0.001244848591633,-27.384666550507,301.596183243235,0.001327943951404,300.510915955117,128.517936759491,8.66985038039567,46.8049048318933,-25.8138702237121,6.08203931211089E-08,0.001384567613177,0.001683963100863,0.000397066895983,0.002143903330871,1.24239707930821E-05,3.90529632568359,9.8304E-05,-49.0132514566177,-0.037099246799179,-26.9547251299488,-2.80812652122174E-08,8.66985038039567,46.8049048318933,0.000397066895983,0.002143903330871,0.000852280971794,0.00131951568261,6.04321079633413E-05,0.852280971794416,1.31951568260954
0030_sub.npz,524.415789473684,1321.1387207382,44.681992646526,0.001056264503772,-8.58074150473641,294.678059309329,0.001324972260153,300.512810726793,128.516211336535,8.38594248758197,-48.1358146000165,-7.00994517794151,6.12129640329434E-08,0.001505731859089,0.001681758508033,0.00038741951338,0.00222407531021,1.17386103353081E-05,3.90529632568359,9.8304E-05,-44.681992646526,-0.033820818317671,-29.5675873542518,-2.55997479952543E-08,8.38594248758197,48.1358146000165,0.00038741951338,0.00222407531021,0.000824371690299,0.001217526781201,5.62481751606403E-05,0.824371690299258,1.21752678120105
0030_sub.npz,524.957894736842,1321.1387207382,41.0731342157813,0.000931258275863,10.2268380465679,274.280645804331,0.001322425859229,300.513735299224,128.512588343859,-49.6120142511579,8.10708257905227,10.2268380465679,6.31060868752368E-08,0.001669208358875,0.001722798158367,0.002367623311817,0.000386856111817,1.13302925412616E-05,3.90529632568359,9.8304E-05,-41.0731342157813,-0.031089191143252,-32.1655200160153,-2.35321171465482E-08,8.10708257905227,49.6120142511579,0.000386856111817,0.002367623311817,0.000796958645851,0.001095156036075,5.22590271634318E-05,0.796958645851154,1.09515603607518
0030_sub.npz,525.5,1321.1387207382,38.0787830743622,0.000853734012241,10.1889989722598,243.951415812418,0.001320329083048,300.51562221975,128.510848435594,-51.1339202222129,7.82502265823113,10.1889989722598,6.67307403975771E-08,0.001885583550749,0.001810891785116,0.002584449140652,0.000395467891191,1.12000477253414E-05,3.90529632568359,9.8304E-05,-38.0787830743622,-0.028822698537732,-34.6948776739585,-2.18165572511775E-08,7.82502265823113,51.1339202222129,0.000395467891191,0.002584449140652,0.000769231027395,0.001097743792595,5.54788162835171E-05,0.769231027394753,1.0977437925951
0030_sub.npz,516.8,1321.1387207382,-132.907535879509,0.008126992915866,8.14443354956908,378.589678194617,0.001320983073863,300.493603608836,128.452493683518,10.1305043800902,41.7428753767028,9.71522987636398,6.07767225946523E-08,0.000708390020716,0.001844736469367,0.000466024039389,0.001921693166266,1.67783150145615E-05,3.90529632568359,9.8304E-05,132.907535879509,0.100600742218232,9.94028451431011,7.61469939826009E-08,10.1305043800902,41.7428753767028,0.000466024039389,0.001921693166266,0.00099586910258,0.002699600562789,0.000124207896962,0.995869102580391,2.69960056278901
0030_sub.npz_a,515.2,1376.72197373699,-144.729305782664,0.014547850737504,8.12187352082066,57.6465855964689,0.001285851956117,294.491378357016,128.354030254626,5.55769906906204,25.8335293264769,9.69266984761556,1.03419992814225E-07,0.000698775553942,0.002007136182473,0.000446999919509,0.002077756945769,2.5657892838682E-05,3.90529632568359,9.8304E-05,144.729305782664,0.105126022932437,9.51239257517319,7.6359660801434E-08,5.55769906906204,25.8335293264769,0.000446999919509,0.002077756945769,0.000546344049285,0.001624514651819,0.000130658201005,0.546344049285075,1.62451465181903
0030_sub.npz_a,515.742105263158,1376.72197373699,-201.033472065343,0.028276388341949,8.0490804778184,58.6975752874229,0.001284200813624,294.491663628798,128.32022877581,5.63502938827492,25.3323621526094,9.6198768046133,1.03796793068419E-07,0.000597657857976,0.00201055663519,0.000455455131421,0.002047460252102,2.67505831043586E-05,3.90529632568359,9.8304E-05,201.033472065343,0.146023290032668,6.84822263473371,1.06065925305384E-07,5.63502938827492,25.3323621526094,0.000455455131421,0.002047460252102,0.000553945928985,0.001897735271418,0.000153386268631,0.553945928984978,1.89773527141813
0030_sub.npz_a,516.284210526316,1376.72197373699,-308.043192357866,0.067941358982734,11.1238311609712,57.0634212120268,0.001283403101512,294.491860503387,128.308308021545,-5.6741234228139,24.9354328512941,12.6946274877661,1.05804216954188E-07,0.000533259921232,0.002039653281984,0.000467774883968,0.00205566006117,2.79788629139747E-05,3.90529632568359,9.8304E-05,308.043192357866,0.223751199032373,4.46924979318352,1.62524607946092E-07,5.6741234228139,24.9354328512941,0.000467774883968,0.00205566006117,0.000557789028956,0.002150231955714,0.000177264920503,0.557789028956297,2.15023195571393
0030_sub.npz_a,516.826315789474,1376.72197373699,-708.265443518402,0.367902846230069,7.91001309207996,56.3813397173497,0.001284405915578,294.491419734947,128.44303528372,-24.5517493366165,5.71551373083062,7.91001309207996,1.07172023593863E-07,0.000489790411363,0.002045636535958,0.002048677202059,0.000476912134259,2.90442156579529E-05,3.90529632568359,9.8304E-05,708.265443518402,0.514457862247873,1.9437937941712,3.73683192439665E-07,5.71551373083062,24.5517493366165,0.000476912134259,0.002048677202059,0.000561857861796,0.000562693033268,4.6952058238919E-05,0.561857861795573,0.562693033268183
0030_sub.npz_a,517.368421052632,1376.72197373699,1663.43607300254,2.03529401217425,10.971696496959,56.4023801075513,0.001282123810655,294.494456771157,128.564236551953,-24.4508234024639,5.74371992633608,10.971696496959,1.0649040253869E-07,0.000479381702237,0.002030260062021,0.002030807015055,0.000477059404717,2.92045212621871E-05,3.90529632568359,9.8304E-05,-1663.43607300254,-1.20825853348392,-0.827637440404889,-8.77634378279164E-07,5.74371992633608,24.4508234024639,0.000477059404717,0.002030807015055,0.000564630643639,0.000564782755715,4.69094818086736E-05,0.564630643638542,0.564782755715459
0030_sub.npz_a,517.91052631579,1376.72197373699,396.03147530055,0.11393829956407,7.75400403208861,56.4644157131962,0.001285295964848,294.497126445963,128.613725743808,-24.6410571570778,5.70178838214054,7.75400403208861,1.06214227045301E-07,0.000510991589352,0.002026673845664,0.002036296608316,0.000471185132039,2.85722787824746E-05,3.90529632568359,9.8304E-05,-396.03147530055,-0.287662638394272,-3.47629433416166,-2.08947517277899E-07,5.70178838214054,24.6410571570778,0.000471185132039,0.002036296608316,0.000560508605118,0.000563169915968,4.6539308797931E-05,0.560508605117944,0.563169915968226
0030_sub.npz_a,518.452631578947,1376.72197373699,232.98215353666,0.038662684191395,7.68509191642127,58.6225803118854,0.001288437609553,294.497756146679,128.632813912157,5.65086894089916,24.9703247633673,9.25588824321617,1.0502856970066E-07,0.000568548186262,0.0020079986168,0.000460635270946,0.002035465705848,2.74968187337136E-05,3.90529632568359,9.8304E-05,-232.98215353666,-0.169229632403012,-5.90913060437635,-1.22922155403428E-07,5.65086894089916,24.9703247633673,0.000460635270946,0.002035465705848,0.000555503020366,0.0019887670976,0.000162116173614,0.555503020366151,1.98876709759988
0030_sub.npz_a,518.994736842105,1376.72197373699,162.425453785303,0.018812806832243,7.61410648589027,59.1927362552318,0.001286877472178,294.498810100118,128.628207186341,-25.3400332341623,5.61006040885075,7.61410648589027,1.04479401065969E-07,0.000659286538022,0.002001353392343,0.002057332546402,0.000455474415944,2.67297864390898E-05,3.90529632568359,9.8304E-05,-162.425453785303,-0.117979851330776,-8.4760235643655,-8.56962070638932E-08,5.61006040885075,25.3400332341623,0.000455474415944,0.002057332546402,0.000551491378432,0.000566916802517,4.60273282279858E-05,0.551491378431664,0.566916802517365
0030_sub.npz_a,519.536842105263,1376.72197373699,123.781738972467,0.010909357170826,10.6850172994417,59.5312853087396,0.001291547182854,294.501389751734,128.608390949437,-25.7962214738327,5.52106935293152,10.6850172994417,1.04413410551003E-07,0.000765998737421,0.001990368005454,0.002085449087452,0.000446341776916,2.56443603320641E-05,3.90529632568359,9.8304E-05,-123.781738972467,-0.089910483985719,-11.1221734737724,-6.53076552135397E-08,5.52106935293152,25.7962214738327,0.000446341776916,0.002085449087452,0.000542743201671,0.00056867050088,4.59732334525416E-05,0.54274320167058,0.568670500880441
0030_sub.npz_a,520.078947368421,1376.72197373699,102.176232732845,0.007513226053114,13.7663476864132,60.5097388353146,0.001292068802454,294.502301471494,128.589342427185,26.236100055599,5.44238061730552,13.7663476864132,1.04676368809867E-07,0.000873020254756,0.001987492163031,0.002125531263698,0.000440915554513,2.48353334040155E-05,3.90529632568359,9.8304E-05,-102.176232732845,-0.074217042134874,-13.4739942637798,-5.39085186048269E-08,5.44238061730552,26.236100055599,0.000440915554513,0.002125531263698,0.000535007784204,0.000572165787601,4.63541214019684E-05,0.535007784203602,0.572165787600521
0030_sub.npz_a,520.621052631579,1376.72197373699,85.6627193131611,0.005417465355549,10.561338703415,59.8615192187443,0.001292165138679,294.504021916234,128.568666590872,-26.7811744393579,5.34414445035856,10.561338703415,1.06120845687239E-07,0.001007381469241,0.002003860869536,0.002199464519794,0.000438898293672,2.41375713143769E-05,3.90529632568359,9.8304E-05,-85.6627193131611,-0.06222223582343,-16.0714250583622,-4.51959342629897E-08,5.34414445035856,26.7811744393579,0.000438898293672,0.002199464519794,0.000525350776048,0.000576631639435,4.73569935892399E-05,0.525350776048048,0.576631639434784
0030_sub.npz_a,521.163157894737,1376.72197373699,74.454201712158,0.004140299650179,7.3638379771077,61.1387449081922,0.001292984468988,294.504932226992,128.55530286395,-27.3189472458093,5.23583980406818,7.3638379771077,1.06129859801739E-07,0.001121600710202,0.00198863850599,0.002242315742965,0.000429757475376,2.30958788490172E-05,3.90529632568359,9.8304E-05,-74.454201712158,-0.054080782563569,-18.4908566887794,-3.92822832752295E-08,5.23583980406818,27.3189472458093,0.000429757475376,0.002242315742965,0.000514703996099,0.000580362474342,4.76361395390511E-05,0.514703996099118,0.580362474341699
0030_sub.npz_a,521.705263157895,1376.72197373699,65.4257455468085,0.003236154522856,13.5914677248383,60.5426020713407,0.001294549450513,294.507377527938,128.545747877096,28.0424650600076,5.09938083182506,13.5914677248383,1.06808600634184E-07,0.00125355000058,0.001989695174636,0.002313710696361,0.000420734690586,2.19435932058141E-05,3.90529632568359,9.8304E-05,-65.4257455468085,-0.04752284542188,-21.0425110517391,-3.4518839917172E-08,5.09938083182506,28.0424650600076,0.000420734690586,0.002313710696361,0.000501289533292,0.000582922322496,4.80951721951112E-05,0.50128953329173,0.582922322496296
0030_sub.npz_a,522.247368421053,1376.72197373699,58.3989012749393,0.002595546492418,7.256623789266,63.3613741094369,0.001290328323227,294.508307092089,128.536217300323,4.98213125572146,-28.7785771179943,8.8274201160609,1.05670427260123E-07,0.001367827608103,0.001962092311527,0.000408002964339,0.002356754531983,2.06694560515336E-05,3.90529632568359,9.8304E-05,-58.3989012749393,-0.042418805240989,-23.574449924245,-3.08114536196783E-08,4.98213125572146,28.7785771179943,0.000408002964339,0.002356754531983,0.000489763430962,0.000843855532242,6.91061696847868E-05,0.489763430962442,0.843855532241702
0030_sub.npz_a,522.789473684211,1376.72197373699,52.7711424820181,0.002146311469422,10.3502761774297,63.6266283957164,0.00129235958195,294.509770919728,128.529194916219,-29.6005853365041,4.83205262027901,10.3502761774297,1.06487048132124E-07,0.001500979198364,0.001963211118821,0.00243897857105,0.000398145185853,1.95429308466919E-05,3.90529632568359,9.8304E-05,-52.7711424820181,-0.038331009084409,-26.0885383371434,-2.78422294520099E-08,4.83205262027901,29.6005853365041,0.000398145185853,0.00243897857105,0.000475010100784,0.00059012556205,4.86244098270785E-05,0.475010100783907,0.590125562049783
0030_sub.npz_a,523.331578947369,1376.72197373699,48.4202511714202,0.001813162091412,16.5916688133951,65.4234141492866,0.00128919714366,294.511938216048,128.522879532674,4.71681380084488,-30.3684165405913,18.16246514019,1.05172728247091E-07,0.001599291791433,0.001930752436594,0.000384791547912,0.002477392653287,1.83624492558048E-05,3.90529632568359,9.8304E-05,-48.4202511714202,-0.035170682312848,-28.4327722477737,-2.55466847945923E-08,4.71681380084488,30.3684165405913,0.000384791547912,0.002477392653287,0.000463681663878,0.00071826656182,5.85953142913759E-05,0.463681663878255,0.718266561820096
0030_sub.npz_a,523.873684210526,1376.72197373699,44.2273977749086,0.001505934379972,13.4053261827424,67.4457970890892,0.001287309356494,294.512513698793,128.518446403094,31.4548263571194,4.56638046842743,13.4053261827424,1.0390120444512E-07,0.001718551928911,0.001904724177613,0.002538809757567,0.000368564266623,1.69273287735903E-05,3.90529632568359,9.8304E-05,-44.2273977749086,-0.03212514844581,-31.1282608292644,-2.33345214637701E-08,4.56638046842743,31.4548263571194,0.000368564266623,0.002538809757567,0.000448893465568,0.000598329981643,4.8292734354531E-05,0.44889346556829,0.59832998164278
0030_sub.npz_a,524.415789473684,1376.72197373699,41.2265137033628,0.001319906752526,16.5118858725045,69.7021355257875,0.001284484437625,294.514456291806,128.517555773951,-32.2192887191256,4.44605862416921,16.5118858725045,1.03286444695636E-07,0.00181604591583,0.001881996831693,0.00259077619217,0.00035751099485,1.59969989293349E-05,3.90529632568359,9.8304E-05,-41.2265137033628,-0.029945417077536,-33.3940915703645,-2.17512450943541E-08,4.44605862416921,32.2192887191256,0.00035751099485,0.00259077619217,0.00043706534699,0.000601668799615,4.83806524821453E-05,0.43706534699033,0.601668799614688
0030_sub.npz_a,524.957894736842,1376.72197373699,38.4435903225009,0.001183627220343,16.4769482575935,68.0629435972426,0.001281025846484,294.515723777731,128.514484179003,33.1718416027991,4.32535193050505,16.4769482575935,1.05067988543408E-07,0.00197067255771,0.001909113822322,0.002720737076212,0.000354761775848,1.53860441705411E-05,3.90529632568359,9.8304E-05,-38.4435903225009,-0.027924004305785,-35.8114828034465,-2.02829655068178E-08,4.32535193050505,33.1718416027991,0.000354761775848,0.002720737076212,0.000425199396176,0.000605964121703,4.97006636632821E-05,0.425199396176368,0.605964121703371
0030_sub.npz_a,525.5,1376.72197373699,35.8778797527378,0.001023731280582,13.3009050910642,67.3216661074803,0.001279362816774,294.518299839612,128.510815229666,34.4156738270055,4.18288036496846,13.3009050910642,1.04081624308127E-07,0.002090423716664,0.001893536577899,0.002799919493257,0.000340299687867,1.41931300524272E-05,3.90529632568359,9.8304E-05,-35.8778797527378,-0.026060366898446,-38.3724451730437,-1.89292881174163E-08,4.18288036496846,34.4156738270055,0.000340299687867,0.002799919493257,0.000411193871398,0.000608019523445,4.94656188438716E-05,0.411193871397859,0.60801952344457
0030_sub.npz_a,516.8,1376.72197373699,-708.147342922051,0.367751274188045,7.91002241712185,56.2845526664654,0.001284207749421,294.491510635445,128.441889191711,-24.5545338473685,5.7160531174283,7.91002241712185,1.07148499180031E-07,0.000489806768915,0.00204570131338,0.002048743144603,0.000476923590788,2.90419038274218E-05,3.90529632568359,9.8304E-05,708.147342922051,0.514372078336085,1.94411796852358,3.73620882174103E-07,5.7160531174283,24.5545338473685,0.000476923590788,0.002048743144603,0.000561910885656,0.000562746416138,4.6953209705159E-05,0.561910885655671,0.562746416137507
0030_sub.npz_b,515.2,1255.82318697946,-113.088161736877,0.014710864418813,1.90861981151346,37.5211396861427,0.000479757075539,301.489719225893,128.369031191613,5.28162335016329,35.4498147635992,3.47941613830835,9.05629124186663E-08,0.002409167642071,0.006322277800537,0.000997017210704,0.006691983853642,4.06771495745866E-05,3.90529632568359,9.8304E-05,113.088161736877,0.090051022237358,11.1048156384519,7.1706768254496E-08,5.28162335016329,35.4498147635992,0.000997017210704,0.006691983853642,0.000519204701814,0.001442190700114,0.000272243494391,0.519204701814452,1.44219070011434
0030_sub.npz_b,515.742105263158,1255.82318697946,-153.777621296742,0.02631042530411,8.10679306529306,37.4307061052921,0.000484584870659,301.490008488689,128.302077619982,5.29546700858456,-34.8518133169453,9.67758939208796,9.12871497006389E-08,0.001905100344771,0.006361506048725,0.000997535761165,0.006565421669487,4.14348951107532E-05,3.90529632568359,9.8304E-05,153.777621296742,0.122451649954491,8.16648857219682,9.75070784040992E-08,5.29546700858456,34.8518133169453,0.000997535761165,0.006565421669487,0.000520565588812,0.00179392749935,0.000337933764686,0.520565588811897,1.7939274993495
0030_sub.npz_b,516.284210526316,1255.82318697946,-248.904838331771,0.069508050583065,8.0122527970988,36.5243791361348,0.000483081251931,301.489242374512,128.161012794592,5.31939296520852,34.2382098132379,9.5830491238937,9.32564005096486E-08,0.001453740298845,0.006528795480068,0.001026852980229,0.006609527718849,4.3463684166414E-05,3.90529632568359,9.8304E-05,248.904838331771,0.198200543605541,5.04539484003737,1.5782519837228E-07,5.31939296520852,34.2382098132379,0.001026852980229,0.006609527718849,0.000522917606052,0.002377396400191,0.000458936150124,0.522917606051859,2.37739640019126
0030_sub.npz_b,516.826315789474,1255.82318697946,-551.932442338134,0.346958155463337,7.92583523973005,35.2313700824974,0.000482852957004,301.485985525302,128.350463325345,5.33103876568115,33.6991594366438,9.49663156652495,9.47187404593884E-08,0.001145988359278,0.006594044521501,0.00104578576634,0.006610791251459,4.50136147629613E-05,3.90529632568359,9.8304E-05,551.932442338134,0.439498528185053,2.27532047520065,3.49968477045044E-07,5.33103876568115,33.6991594366438,0.00104578576634,0.006610791251459,0.000524062434822,0.00302312051022,0.000593045877959,0.52406243482152,3.0231205102197
0030_sub.npz_b,517.368421052632,1255.82318697946,1345.60359681584,2.02838720985804,10.9660595089279,34.9279782093827,0.00048661968096,301.492518350005,128.725378412419,5.29237253942984,-33.5790808697704,12.5368558357228,9.46667269555282E-08,0.001047006442554,0.006529596642778,0.00102955280778,0.006532482816702,4.44652777440688E-05,3.90529632568359,9.8304E-05,-1345.60359681584,-1.07149128218625,-0.933278708492729,-8.53218266150534E-07,5.29237253942984,33.5790808697704,0.00102955280778,0.006532482816702,0.000520261390116,0.003245939234079,0.00063146491129,0.520261390116111,3.24593923407936
0030_sub.npz_b,517.91052631579,1255.82318697946,322.840399567618,0.114295733835891,7.73154338330002,33.863820537617,0.000489535882592,301.496003965756,128.722952830425,5.25013855998454,34.075668216884,9.30233971009491,9.41253596358718E-08,0.001282262556956,0.00650413208302,0.001009502992942,0.00655214610373,4.29151046735498E-05,3.90529632568359,9.8304E-05,-322.840399567618,-0.257074724304242,-3.88991956601896,-2.04706145713527E-07,5.25013855998454,34.075668216884,0.001009502992942,0.00655214610373,0.000516109621001,0.002637171346232,0.000507078475731,0.51610962100072,2.63717134623228
0030_sub.npz_b,518.452631578947,1255.82318697946,181.93269789474,0.036075202368614,10.7805893084598,34.1892337116777,0.00049087091935,301.496280759679,128.669458660758,34.5692628638404,5.21549331373951,10.7805893084598,9.29137982729083E-08,0.001696720537766,0.006396314018254,0.006543607440341,0.000987228910478,4.13276822208153E-05,3.90529632568359,9.8304E-05,-181.93269789474,-0.144871268329047,-6.90267995534278,-1.15359606217732E-07,5.21549331373951,34.5692628638404,0.000987228910478,0.006543607440341,0.000512703854714,0.000524500060986,9.92814273017375E-05,0.512703854713848,0.524500060986386
0030_sub.npz_b,518.994736842105,1255.82318697946,126.925125174705,0.017830912889846,20.1170179248529,34.0419302538248,0.000490680253156,301.498619351603,128.613621879083,5.16692038053713,-35.1387994226175,21.6878142516477,9.24495433458296E-08,0.002184975948407,0.006325122831648,0.000973541477823,0.00662080059945,4.00472530853279E-05,3.90529632568359,9.8304E-05,-126.925125174705,-0.101069263962221,-9.89420483336842,-8.048048882209E-08,5.16692038053713,35.1387994226175,0.000973541477823,0.00662080059945,0.000507928941088,0.001539061501572,0.000289986518625,0.507928941088322,1.53906150157228
0030_sub.npz_b,519.536842105263,1255.82318697946,98.0260513101684,0.010798163220351,10.6105356134281,33.3298786362078,0.000490862086175,301.498920400275,128.578426888477,5.07098200601011,35.9028813554645,12.181331940223,9.2349381115699E-08,0.002686678705556,0.006270383958738,0.000954046466126,0.006754778484993,3.8344814567143E-05,3.90529632568359,9.8304E-05,-98.0260513101684,-0.078057207675822,-12.8111167408534,-6.21562083620768E-08,5.07098200601011,35.9028813554645,0.000954046466126,0.006754778484993,0.000498497815119,0.001253288524627,0.000235791732434,0.498497815118818,1.25328852462656
0030_sub.npz_b,520.078947368421,1255.82318697946,79.1946721003603,0.007297454584978,7.38902779627796,33.015822597397,0.000488719514131,301.502500549321,128.553509896594,4.9606513278269,36.7023435692299,8.95982412307286,9.27005306590279E-08,0.003232798836694,0.006236889528083,0.000940922991518,0.006961709488957,3.69304029645726E-05,3.90529632568359,9.8304E-05,-79.1946721003603,-0.063061960410878,-15.8574201227577,-5.02156362971415E-08,4.9606513278269,36.7023435692299,0.000940922991518,0.006961709488957,0.000487651868131,0.001050132174547,0.000199186358751,0.487651868130696,1.05013217454702
0030_sub.npz_b,520.621052631579,1255.82318697946,66.5190065705115,0.005374263690138,10.4571986700048,32.296988713546,0.00048629307699,301.50507417818,128.534031926766,-37.7515921953815,4.8304617346071,10.4571986700048,9.40141460064767E-08,0.003827212884303,0.006284329634363,0.007298561746455,0.000933871486123,3.55659216960934E-05,3.90529632568359,9.8304E-05,-66.5190065705115,-0.052968449109866,-18.8791632906943,-4.21782697270208E-08,4.8304617346071,37.7515921953815,0.000933871486123,0.007298561746455,0.000474853710359,0.000551484837038,0.000106618366063,0.474853710358816,0.551484837038031
0030_sub.npz_b,521.163157894737,1255.82318697946,57.1037477367369,0.004102526825043,4.10455887087317,32.7459074997004,0.000483429716409,301.503985938332,128.521801080189,4.68048773743488,-38.8385204143747,5.67535519766807,9.4148724581683E-08,0.004383892372494,0.00623081032924,0.000911519136851,0.007563806095802,3.36801514794861E-05,3.90529632568359,9.8304E-05,-57.1037477367369,-0.045471168496327,-21.9919573890163,-3.62082568372507E-08,4.68048773743488,38.8385204143747,0.000911519136851,0.007563806095802,0.000460110666541,0.000793851991979,0.000154601732652,0.460110666540798,0.793851991979197
0030_sub.npz_b,521.705263157895,1255.82318697946,50.1602138673633,0.003335995364769,13.4673250895609,32.7059415991635,0.000477154134631,301.506887146121,128.51795083168,4.56568440569323,-40.0102085157167,15.0381214163558,9.44594265187172E-08,0.00496845569168,0.00623448347013,0.000903855288712,0.007920714731608,3.23692637458017E-05,3.90529632568359,9.8304E-05,-50.1602138673633,-0.039942098845945,-25.0362406807152,-3.18055115242896E-08,4.56568440569323,40.0102085157167,0.000903855288712,0.007920714731608,0.000448825039817,0.000715517408686,0.000141648869488,0.448825039817267,0.715517408686407
0030_sub.npz_b,522.247368421053,1255.82318697946,44.7058348327039,0.002717422739611,3.98589399663106,33.7566311986835,0.000475614966929,301.509736668468,128.511719906242,4.39531290210197,-41.2751629676455,5.55669032342596,9.42397262283239E-08,0.005471268859988,0.006140612065049,0.000870882406281,0.008178245413646,3.01816070748977E-05,3.90529632568359,9.8304E-05,-44.7058348327039,-0.035598828956353,-28.0908116732176,-2.83470072263728E-08,4.39531290210197,41.2751629676455,0.000870882406281,0.008178245413646,0.000432076839528,0.000645848830194,0.000127967799161,0.432076839528232,0.645848830194309
0030_sub.npz_b,522.789473684211,1255.82318697946,40.4030414604587,0.002397884150641,10.2186161437481,33.2005380647497,0.000468644076363,301.512060078072,128.506477742569,-42.5051836587495,4.2865764630661,10.2186161437481,9.65024955140272E-08,0.0061688878362,0.006271727406637,0.008752757395759,0.000882700004832,2.96703224641324E-05,3.90529632568359,9.8304E-05,-40.4030414604587,-0.032172555722305,-31.0823923542611,-2.56186986001485E-08,4.2865764630661,42.5051836587495,0.000882700004832,0.008752757395759,0.000421387612625,0.000588081269937,0.000121098798356,0.42138761262525,0.588081269937213
0030_sub.npz_b,523.331578947369,1255.82318697946,36.724690475481,0.002163537737544,10.1709290232549,32.0802827627469,0.000462962037252,301.514810502906,128.502193678415,-43.6342035964764,4.16770922345503,10.1709290232549,9.9728949185867E-08,0.006928753593392,0.006414365500692,0.009399245882427,0.00089776694679,2.9365475727663E-05,3.90529632568359,9.8304E-05,-36.724690475481,-0.029243519992502,-34.1956098395954,-2.32863354457081E-08,4.16770922345503,43.6342035964764,0.00089776694679,0.009399245882427,0.000409702487503,0.000600357162896,0.000129323070109,0.409702487502524,0.600357162895964
0030_sub.npz_b,523.873684210526,1255.82318697946,33.8442414056554,0.001981063106264,13.2719818817653,29.8200269657522,0.00046058909237,301.515587440319,128.500225224035,44.9451238273146,4.01901525729814,13.2719818817653,1.04401879802999E-07,0.007777368549565,0.006642937817086,0.01018755469092,0.00091097738627,2.88955197287155E-05,3.90529632568359,9.8304E-05,-33.8442414056554,-0.026949845930985,-37.1059635205653,-2.14599047146167E-08,4.01901525729814,44.9451238273146,0.00091097738627,0.01018755469092,0.000395085275853,0.000605901594721,0.000137337811078,0.395085275853436,0.605901594721288
0030_sub.npz_b,524.415789473684,1255.82318697946,31.2366106127255,0.001844721534298,10.0911012128504,26.8089836826033,0.000457744379958,301.518966631972,128.501695145775,-46.2160046686758,3.84621743425055,10.0911012128504,1.10827836650916E-07,0.008815223848838,0.006955091845672,0.011189919706921,0.000931251195877,2.86947954753456E-05,3.90529632568359,9.8304E-05,-31.2366106127255,-0.024873414455626,-40.2035676197162,-1.98064621783681E-08,3.84621743425055,46.2160046686758,0.000931251195877,0.011189919706921,0.000378098558657,0.000608313230884,0.000147285560248,0.378098558656566,0.608313230884278
0030_sub.npz_b,524.957894736842,1255.82318697946,29.2037403748079,0.00206569725996,10.0586848397334,17.5963742267137,0.000456742906562,301.520936101235,128.500312678642,-46.9791211421226,3.67038467143351,10.0586848397334,1.38689867132609E-07,0.011512642775961,0.008496776259207,0.014265137591736,0.001114504447034,3.3756060745096E-05,3.90529632568359,9.8304E-05,-29.2037403748079,-0.023254659316372,-43.0021350300309,-1.85174629338585E-08,3.67038467143351,46.9791211421226,0.001114504447034,0.014265137591736,0.000360813494741,0.000605764939327,0.000183939234331,0.360813494740599,0.605764939327231
0030_sub.npz_b,525.5,1255.82318697946,27.6656624555839,0.002828011725067,10.0330831983164,9.01537207297616,0.000458876267636,301.522698048265,128.497052525268,-46.4765208679494,3.49679403855065,10.0330831983164,2.05565056202706E-07,0.017109437527526,0.011968016432555,0.020820953165608,0.00156653267478,4.79380294803767E-05,3.90529632568359,9.8304E-05,-27.6656624555839,-0.022029902571019,-45.3928471438423,-1.75422008443768E-08,3.49679403855065,46.4765208679494,0.00156653267478,0.020820953165608,0.000343748841166,0.000598028877072,0.000267911540205,0.343748841165683,0.598028877071546
0030_sub.npz_b,516.8,1255.82318697946,-543.931505857314,0.337510172841734,11.0684811063777,35.322956030341,0.000482627051907,301.486218358518,128.343575367037,5.33312044167371,-33.6796306500229,12.6392774331726,9.47179206706087E-08,0.001149528263568,0.006592587751854,0.001046628747916,0.006609817430883,4.50786334384427E-05,3.90529632568359,9.8304E-05,543.931505857314,0.433127458942365,2.30878920131699,3.44895255504986E-07,5.33312044167371,33.6796306500229,0.001046628747916,0.006609817430883,0.000524267071898,0.003014462730005,0.000591601331917,0.524267071898292,3.01446273000545
