,name,DM,center_f,slope (mhz/ms),slope error (mhz/ms),red_chisq,amplitude,xo,yo,sigmax,sigmay,angle,amp_error,xo_error,yo_error,sigmax_error,sigmay_error,angle_error,time_res
0,1,554.103,4458.21232566804,-655.325013565781,0.073722846202028,10.1410464669768,1816.44781182213,512.498641366508,512.483031547946,176.65601693628,46.4137024230721,1.79956326402828,0.113107007040034,0.003759728258247,0.01073122200547,0.011020582995832,0.002888771108716,2.48472947449861E-05,1.024E-05
1,2,554.103,4427.43838194467,-523.19296757331,0.325424765718022,3.79837146396708,81.4599554689544,512.492738769151,512.480977620264,181.111286272922,43.8300365627644,1.85457271838815,0.03746408160924,0.030296987178613,0.080148805531391,0.083483600735121,0.020150133896268,0.00016718366016,1.024E-05
2,3,554.103,4489.92447670638,-1154.6976770492,0.436885584592292,4.00976123210711,184.799367731624,512.495539287889,512.391454168075,172.034035215805,19.0747378311673,1.70218041301409,0.057209616331957,0.009105474387123,0.052795185724954,0.05334389024621,0.005902936923666,4.91397381186387E-05,1.024E-05
3,4,554.103,4603.95218063416,-699.700417909577,8.6906272238164,3.30272129909133,4.1454172944534,512.412886099819,512.646614143649,26.642470629073,-166.017587271949,1.78551074559731,0.046034096361226,0.487224372058269,1.80155353913112,0.295647208570803,1.84420812605058,0.002585646780935,1.024E-05
4,5,554.103,4435.77619565023,-978.787554112136,14.4489782283518,3.36285439471801,5.51650845847357,512.472793860836,512.336138059995,169.129087673195,36.947732569548,1.72544631578409,0.038228997881627,0.310636224481822,1.15821028628456,1.17308298116469,0.255818965083074,0.002246734760133,1.024E-05
5,6,554.103,4513.18439311792,-1498.48816683143,0.678104525745745,6.39510698860038,155.936810990664,512.493751928049,512.208917229811,159.117286993937,12.1771869167535,1.6722744435045,0.06532333103017,0.008446860586549,0.066312922892956,0.066689190880547,0.005101046713856,4.56068522424551E-05,1.024E-05
6,7,554.103,4351.04256542009,-614.740009970579,0.305890870045292,6.24305133636696,269.844102499554,512.496100850325,512.459208124819,104.614146656825,38.1537318026502,8.09727989779154,0.052773184247285,0.008759515759462,0.019937021615951,0.020458312346862,0.007461327428159,0.000116342469301,1.024E-05
7,8,554.103,4563.38681317666,-284.880325469472,0.047405971513479,5.50324845499952,245.911218002301,512.494262554284,512.488580520067,177.219115208879,62.7615353666582,2.0625330321881,0.029741660795836,0.01213100081612,0.019229629798305,0.021443571998916,0.007589907386199,6.92606913206399E-05,1.024E-05
8,11,554.103,4511.88830173482,-662.344342105259,2.89139137608659,3.37067739279203,11.8885228657527,512.494072204974,512.401350609463,186.153245105398,39.0441302322212,1.79722129325895,0.036591155204474,0.173877617016312,0.558804708823303,0.575212417039337,0.120097879345405,0.000954994498281,1.024E-05
9,12,554.103,4404.97612469556,-645.35320892109,0.445318933490276,3.89126193383372,82.4872406261958,512.498611858544,512.465827415191,141.008079510506,28.1072701526829,-1.33861931877091,0.043417780838079,0.02233539460665,0.072304450620617,0.074217552635649,0.014793660341911,0.000154515383697,1.024E-05
10,13,554.103,4594.33122479557,-617.425421937056,0.093192820246858,11.1726419831548,927.813453743226,512.498703788144,512.466218881507,144.110380504611,39.8384331361985,1.81307740749735,0.077054335825635,0.004308257602347,0.011645638671796,0.011968628173178,0.003308535968283,3.51549906889249E-05,1.024E-05
11,14,554.103,4475.58898865501,-1255.54929366738,0.217638622654101,4.75846953318918,329.158651812909,512.496783638042,512.340819002519,162.124910305903,11.4406092467291,1.69173403255912,0.068131996490803,0.004681301390413,0.033312226451076,0.033579878207587,0.002367866961664,2.0759696374753E-05,1.024E-05
12,15,554.103,4278.44075262017,-254.892901211824,0.122919264153067,15.0752835820681,520.590602079161,512.483459870567,512.491687635378,45.909572767079,68.2148554827647,5.25180442706224,0.063588327463115,0.006439321298101,0.007707219379765,0.00560760565868,0.008331917405387,0.000212524157132,1.024E-05
13,16,554.103,4363.17134308007,-660.179119756201,0.043159688070034,146.653828131886,2590.96810924826,512.498636617937,512.485695930458,127.221361116966,45.7941436481194,1.79793866899195,0.063547654860405,0.001300492070282,0.003050611976215,0.003120261980709,0.001123170308076,1.4344076580008E-05,1.024E-05
14,1,554.692157894737,4458.21232566804,-681.937842967432,0.080357429513644,10.0347901570209,1816.52048336392,512.498610552597,512.482983983096,176.324698120876,46.492404191917,1.7909266856181,0.113837597934623,0.003727680429933,0.010799718829037,0.011070523209326,0.002912244288134,2.51095864681027E-05,1.024E-05
15,2,554.692157894737,4427.43838194467,-539.869374735737,0.347050528139181,3.79963179767363,81.4460099113954,512.492733480566,512.487603618045,180.696518422678,43.9432427447982,1.84625006518795,0.037492260586134,0.029837009909768,0.080218649115327,0.0833674820574,0.020219979835497,0.000168251161254,1.024E-05
16,3,554.692157894737,4489.92447670638,-1229.98701656907,0.496019604499497,4.00841780331981,184.684699755294,512.49509809711,512.373918965812,171.866591658366,19.095758297809,1.6942222341521,0.057203421799208,0.008795725884066,0.052824245569863,0.05331957948507,0.005912549696507,4.92702729002307E-05,1.024E-05
17,4,554.692157894737,4603.95218063416,-728.267797874956,9.45189144191711,3.30433371660221,4.14462917594829,512.413323666715,512.702097327755,165.203797077954,26.6336608580607,1.77733035746378,0.046102782250706,0.474544420450422,1.79601397004031,1.8353065941944,0.295971106311573,0.002604941412908,1.024E-05
18,5,554.692157894737,4435.77619565023,-1032.49305883135,16.1110248532077,3.37504418080896,5.48492866661597,512.482129468408,512.44363490644,169.227831528426,37.0873752320499,1.71752017126328,0.038013947787395,0.306624599894955,1.16089414007683,1.17446186045979,0.257043919084793,0.002256762069411,1.024E-05
19,6,554.692157894737,4513.18439311792,-1634.04078716934,0.800217796572429,6.46879448178081,155.919085159671,512.49355628404,512.185939052709,159.019410802448,12.176751353991,1.66390702390252,0.064888078220577,0.007957186638469,0.065891570505606,0.066211790615384,0.005067465539398,4.53348179780268E-05,1.024E-05
20,7,554.692157894737,4351.04256542009,-641.348878679111,0.332671112265162,6.2622907826295,269.82114478384,512.495843460917,512.467282753091,104.354393213207,38.2364002275252,-45.3195188469124,0.052649225214246,0.008654276634701,0.019883576935454,0.020361400831222,0.007460998409819,0.000116797621098,1.024E-05
21,8,554.692157894737,4563.38681317666,-290.447933149788,0.04849434068823,5.66511161086916,246.058837383918,512.494442668633,512.49322032763,176.4578649659,62.8906487801208,2.05452054842904,0.029296013587283,0.011806157245145,0.018920699591819,0.02101888340744,0.007487034163849,6.8742459794097E-05,1.024E-05
22,11,554.692157894737,4511.88830173482,-688.488295179652,3.1150163808688,3.38046537833723,11.9058144406916,512.491046357674,512.367670986378,185.595938702881,39.0988083830844,1.78889839819217,0.036540700538679,0.169837210163348,0.556388011354524,0.571648630183644,0.119799823257452,0.000955790360652,1.024E-05
23,12,554.692157894737,4404.97612469556,-669.518613870834,0.477770263974781,3.91112154815701,82.5283467443705,512.498254131521,512.470390580503,140.735687177259,28.159908512982,1.79487583994643,0.043285864567916,0.02182482006197,0.072038227409937,0.073810592917436,0.01476872587426,0.000154604549117,1.024E-05
24,13,554.692157894737,4594.33122479557,-638.064137217793,0.099244373046804,11.2536718525941,927.682559957702,512.49857251875,512.465961635779,143.850454822315,39.9054860625111,1.80552981474556,0.076794356935712,0.004241766086917,0.011606771995598,0.01190839105699,0.003303376210199,3.5183959423956E-05,1.024E-05
25,14,554.692157894737,4475.58898865501,-1346.12210083182,0.250319184410174,4.74847894147348,329.098877641893,512.496634809062,512.308348181026,162.048193557517,11.4373145598773,1.6836682173536,0.068279142439674,0.004460439372276,0.033405165001389,0.033642025871779,0.002372619558787,2.08113650642518E-05,1.024E-05
26,15,554.692157894737,4278.44075262017,-261.562082378644,0.13025355467999,15.1777379324352,520.492848853987,512.483372232413,512.491741573126,46.117952662485,67.9209990979169,-1.04269332718236,0.063317568924929,0.006388718643067,0.007675985463767,0.005610098886656,0.008262158918686,0.000216745853302,1.024E-05
27,16,554.692157894737,4363.17134308007,-692.118034992468,0.047061516097282,149.048433833348,2591.19449731756,512.498584605095,512.485349811885,126.962378774621,45.8797033998023,1.7877902427782,0.063019607021269,0.00127643326776,0.003024900440586,0.003087763138519,0.00111582073835,1.42959749932619E-05,1.024E-05
28,1,555.281315789474,4458.21232566804,-710.341009778581,0.088203815823695,9.84015573172992,1816.41189700977,512.498754801116,512.484554801592,176.014163407021,46.5766773807705,1.78239025314934,0.115111393658195,0.003715631901964,0.010921049159714,0.011175357568349,0.002950345268384,2.54966187169874E-05,1.024E-05
29,2,555.281315789474,4427.43838194467,-556.904803193039,0.368454068242955,3.80966713078034,81.4843837226589,512.493254421564,512.47556428992,180.316092233057,44.0136507499018,1.83822588468343,0.037440156463237,0.029309394385764,0.080064513098322,0.083031877149872,0.020211871598257,0.000168617999158,1.024E-05
30,3,555.281315789474,4489.92447670638,-1319.41696502128,0.571343350824304,4.00205652463859,184.701863832939,512.495354237384,512.412758764708,171.660794012602,19.1022991754594,1.68593281667801,0.057288387423265,0.00848650613737,0.05288669858452,0.053329961336116,0.005922926026178,4.94177727209864E-05,1.024E-05
31,4,555.281315789474,4603.95218063416,-757.439219588137,10.2934289101701,3.31583655544853,4.10740548062806,512.407178656908,512.165202101228,165.227833243235,-26.8363621687079,1.76958796063753,0.04582567673397,0.466407863206833,1.80387038692444,1.84049950715974,0.298847900655926,0.002630921067441,1.024E-05
32,5,555.281315789474,4435.77619565023,-1092.89908880614,18.0966780770206,3.36123611338623,5.49110993424186,512.479899650929,512.320040821254,168.844235732182,37.0999561026163,1.70951714822821,0.038151391793528,0.302394922177178,1.1611729082463,1.17349613187477,0.257490527708285,0.002267642191415,1.024E-05
33,6,555.281315789474,4513.18439311792,-1786.76144653285,0.94980601921807,6.58230175519601,155.782248085676,512.494038933842,512.173978523406,158.922325158817,12.1741940835181,1.65598876468582,0.06442278179794,0.007512376813955,0.065482730137252,0.065754736146413,0.005034514489701,4.50677648187119E-05,1.024E-05
34,7,555.281315789474,4351.04256542009,-669.597576110154,0.3656713554162,6.1764536516681,269.898803774462,512.495951445017,512.472304815957,104.127827225547,38.3012125524228,14.3612209053048,0.053076876608004,0.008638764773291,0.020034904172071,0.020476699185117,0.007531960379809,0.000118303261257,1.024E-05
35,8,555.281315789474,4563.38681317666,-295.17423217021,0.050224589297223,5.67375831701357,245.910966162963,512.494681951703,512.491235435153,175.936888026208,63.1594337013565,2.04790531089648,0.02928834085744,0.011714063526494,0.018930742458105,0.020964001282566,0.007521537397107,6.94103998272993E-05,1.024E-05
36,11,555.281315789474,4511.88830173482,-715.885535761132,3.37487662391913,3.38458190246335,11.9034427394837,512.491708669863,512.517247507574,185.19734534582,39.1788145555236,1.78079939682245,0.036518061058469,0.166834479486072,0.556048251867721,0.570332244562067,0.120146550785714,0.000961159342788,1.024E-05
37,12,555.281315789474,4404.97612469556,-699.248838351099,0.521009317827541,3.91928418451782,82.4960137678246,512.497618004114,512.486551093003,140.419302701764,28.211347846351,1.78564518296308,0.043244611885984,0.021330292641116,0.071980955482078,0.073606025835074,0.014787795034136,0.000155202549716,1.024E-05
38,13,555.281315789474,4594.33122479557,-663.271648612481,0.106350034360987,11.4290926405259,927.821822975408,512.498654377998,512.465088061599,143.566848825818,39.9715131412243,1.79691542086599,0.076153501609907,0.004147451105666,0.011507004444119,0.011783946220285,0.003280727378484,3.503302019815E-05,1.024E-05
39,14,555.281315789474,4475.58898865501,-1455.86968075794,0.292048597319583,4.76895947516439,329.118246852889,512.497029011723,512.293407591098,161.863808369932,11.4329424895879,1.67522382247599,0.068186115963201,0.004214770831169,0.033350112093353,0.033555721555154,0.002368208945814,2.07962740642229E-05,1.024E-05
40,15,555.281315789474,4278.44075262017,-266.991039525564,0.135899098689625,15.347095616902,520.57854854924,512.483558486026,512.489465722985,46.2634198101725,67.6953144975488,-1.05158927722282,0.062944189826705,0.00633090757457,0.007628887260352,0.005593688410222,0.008184800531268,0.000219278347702,1.024E-05
41,16,555.281315789474,4363.17134308007,-723.534258998823,0.050770698127457,153.269232540162,2590.878805675,512.498498194401,512.4860283056,126.730240757233,45.9645645455588,1.77864309370045,0.062150738395249,0.00124799754027,0.002983247145946,0.003039992178533,0.0011026062412,1.41682659825632E-05,1.024E-05
42,1,555.870473684211,4458.21232566804,-742.617998608996,0.09800237719426,9.56706479781552,1816.5491094291,512.498890244792,512.482981642736,175.687589584602,46.6522567450167,1.77344873109398,0.117002862822196,0.003720211527446,0.011098500697258,0.011337034074011,0.003003465178305,2.6017568150975E-05,1.024E-05
43,2,555.870473684211,4427.43838194467,-576.681853201843,0.394858672537065,3.81495436667291,81.4952949400612,512.493046391513,512.487994489399,179.921266736112,44.0981647946239,4.97105747249047,0.037423518810254,0.02879811751038,0.080024137572609,0.082805842290419,0.020240730577277,0.000169317112349,1.024E-05
44,3,555.870473684211,4489.92447670638,-1421.08476396487,0.65804883517211,4.02997813086399,184.925239609984,512.495346369934,512.401881089109,171.512038028167,19.0853295452889,1.67776074656419,0.057052043577279,0.00813361807785,0.052606859346432,0.05300011353362,0.005886218719017,4.91541049144049E-05,1.024E-05
45,4,555.870473684211,4603.95218063416,97.9755578513078,-215.497272863372,3.32574438729351,-1,-1,-1,-1,-1,-2.5707963267949,-1,-1,-1,-1,-1,-1,1.024E-05
46,5,555.870473684211,4435.77619565023,-1176.27903894662,21.0166808213493,3.37433913561496,5.51141294880203,512.472634144765,512.539414576901,168.061560444825,37.2414415701159,1.69979678842678,0.038081252479435,0.295835283985045,1.15109254630178,1.16175607047086,0.257336017994862,0.002279377209974,1.024E-05
47,6,555.870473684211,4513.18439311792,-1979.72620277295,1.1686687407131,6.61759605465924,155.246250254284,512.493857821188,512.110860924578,158.820490227947,12.2259027254348,1.64771949354873,0.064116323547106,0.00712395759165,0.065397571063512,0.065625383667363,0.00504913209412,4.52302408647884E-05,1.024E-05
48,7,555.870473684211,4351.04256542009,-700.440226853084,0.399652741482187,6.20500842131213,269.781496422608,512.496285626247,512.474201580866,38.3844669158683,103.924887777072,1.78529085861291,0.052927859803716,0.008542117234731,0.019984710978024,0.007530300459951,0.020387520846768,0.000118665536385,1.024E-05
49,8,555.870473684211,4563.38681317666,-300.280449195011,0.051836627786995,5.72294547144618,245.920727336711,512.494470139974,512.498935079617,175.309455312821,63.352030924658,2.04094366491875,0.029167929920365,0.011557480111086,0.018845551220981,0.020802497744491,0.007513145783961,6.9718318304325E-05,1.024E-05
50,11,555.870473684211,4511.88830173482,-744.834190057079,3.63539186970577,3.38750398696184,11.9228403070911,512.495225846421,512.618900754529,184.863006106113,39.1445514674527,1.77286205886399,0.036542169019545,0.163348436357397,0.555327091477371,0.568685782499774,0.119768834346124,0.000959616274693,1.024E-05
51,12,555.870473684211,4404.97612469556,-728.797552019375,0.566743513742721,3.91542621900525,82.4773744640714,512.497365307108,512.467533027762,140.118645480605,28.2799445688384,1.77718445888124,0.04323568560424,0.020905973900585,0.071953359249799,0.073449819748735,0.014824038372945,0.00015597706332,1.024E-05
52,13,555.870473684211,4594.33122479557,-687.507297833797,0.113388303184307,11.6176371668896,927.567251232506,512.498679310022,512.465447145767,143.323933424642,40.0440064054886,1.78919981007307,0.075503298399641,0.00406387105753,0.011410983542609,0.011666749846108,0.003259501533907,3.48859859205711E-05,1.024E-05
53,14,555.870473684211,4475.58898865501,-1575.43472249642,0.341896479897801,4.78035130004628,328.649781860255,512.496879861071,512.283813021707,161.847415291389,11.4430429704309,1.66734963019043,0.068110934976699,0.004003031390272,0.033384343960268,0.033563926316807,0.002371092744264,2.08237450697675E-05,1.024E-05
54,15,555.870473684211,4278.44075262017,-275.921358955455,0.146736733475075,15.2902608977381,520.572713904685,512.483212226721,512.489164009506,67.3874137953077,46.4709916954082,2.07594926112364,0.063049857372451,0.006313616653221,0.007644429804746,0.008162051512508,0.005628497068464,0.00022521852676,1.024E-05
55,16,555.870473684211,4363.17134308007,-760.863966250907,0.055087666060471,159.205460953326,2591.21198706587,512.498448284565,512.486708402195,126.496699224802,46.0425782693598,1.76871640903186,0.060955906459803,0.001212482496402,0.002925334965685,0.002975670082808,0.001083104919166,1.39584059904028E-05,1.024E-05
56,1,556.459631578947,4458.21232566804,-776.132701322193,0.106896464046656,9.59505523673071,1816.6852259678,512.499040993219,512.484048359412,175.403490387612,46.7200944348567,1.76492077858798,0.116833457468529,0.003662901213214,0.011081368087308,0.011301469965621,0.003003252546882,2.60700295951278E-05,1.024E-05
57,2,556.459631578947,4427.43838194467,-597.093127225115,0.423388144065231,3.81218895276137,81.4893140120844,512.49345214074,512.51036608979,179.543362479043,44.1829927674288,4.96258547963102,0.037422779691083,0.028331745568589,0.080026890138135,0.082636815471523,0.020280962651597,0.000170098336273,1.024E-05
58,3,556.459631578947,4489.92447670638,-1536.37219669908,0.772817492344593,4.02815273206623,184.649078323033,512.495276104865,512.371788796605,171.345798451293,19.1209159591926,4.81138135810784,0.057168091811012,0.007884064931895,0.052784038966599,0.053135129304558,0.005917880731988,4.94699305332376E-05,1.024E-05
59,4,556.459631578947,4603.95218063416,-832.310266538087,12.2797573051627,3.31032220906603,4.14206855343643,512.400560638169,512.709719535885,-26.538472110532,-164.350554774844,1.75211339871086,0.046244833946767,0.440200289994588,1.80249016399352,0.295876262384591,1.83310704096164,0.002616872785228,1.024E-05
60,5,556.459631578947,4435.77619565023,-1261.56061882718,24.0957085326119,3.36744327908274,5.54252000076849,512.475095143613,512.484765149484,167.335661403227,37.1003505227638,1.69116332849283,0.038273935260906,0.289477491327178,1.14717934084934,1.1564753145285,0.256082620985021,0.002276858907706,1.024E-05
61,6,556.459631578947,4513.18439311792,-2220.11005521183,1.46770360031453,6.67408071738877,154.899921268822,512.494411348586,512.035513624321,158.741695623183,12.2328443765999,1.63941828734472,0.063895584472712,0.006745277569197,0.065324666568405,0.065512860742704,0.005045791577204,4.52233502842947E-05,1.024E-05
62,7,556.459631578947,4351.04256542009,-741.054833268782,0.44428605190415,6.30341708532259,269.744614192703,512.496193357534,512.469480673644,38.4739522405085,103.667170879644,-29.6420619775015,0.052481267293248,0.008384019616221,0.019811498152377,0.007485138501007,0.020168290396469,0.000118426455608,1.024E-05
63,8,556.459631578947,4563.38681317666,-306.107583708072,0.053185040894177,5.86865545470582,246.058938406538,512.494581076913,512.495763003342,174.72251521256,63.4853332037805,2.03322558031553,0.028833634841718,0.011301984863197,0.018620740960988,0.020483766675134,0.007438461108096,6.93712779325586E-05,1.024E-05
64,11,556.459631578947,4511.88830173482,-777.376525190837,3.97705292461172,3.37670545132278,11.9389990302006,512.496360677511,512.512925578383,184.286953799669,39.2673699011221,1.76461790076309,0.036603492223224,0.160527187684226,0.554899245678716,0.5673087272069,0.120260311308172,0.000966941845123,1.024E-05
65,12,556.459631578947,4404.97612469556,-762.145234205784,0.620323172677083,3.91259728657366,82.4376194299559,512.498361722954,512.468092967986,139.897229157511,28.3405586885368,1.7683922792698,0.043233075883167,0.020487307121684,0.07199036453635,0.073360497430801,0.014861443862595,0.000156673097069,1.024E-05
66,13,556.459631578947,4594.33122479557,-713.963053908256,0.123213648591884,11.4753176391794,927.556668345375,512.498579585277,512.464462546632,143.090653434767,40.1099028202862,1.78134832652266,0.076046302235367,0.004043812510616,0.011492636079597,0.011731650478237,0.003288375589217,3.52720128408698E-05,1.024E-05
67,14,556.459631578947,4475.58898865501,-1712.00888085198,0.402118886627991,4.80757083147606,328.575091932588,512.496767898712,512.250315122642,161.733434649967,11.4413250521196,1.65968941891577,0.067877700183808,0.003786533768015,0.033278064887117,0.033433374727552,0.002363235819037,2.07695074862585E-05,1.024E-05
68,15,556.459631578947,4278.44075262017,-283.105686442036,0.155584097026281,15.3698522142128,520.618460378708,512.484087003659,512.489389320115,67.125137146643,46.6410403934644,2.065138406944,0.062897708308198,0.006277713158057,0.007623289178756,0.008109955624678,0.005634965791377,0.000229525422458,1.024E-05
69,16,556.459631578947,4363.17134308007,-798.921430207257,0.060523434013301,160.607431965045,2590.86078852701,512.498585614427,512.487064808649,126.286806557901,46.1200413415899,1.75951588421608,0.060687608284476,0.001197467156548,0.00291259025382,0.002958056000339,0.001080298118117,1.39596768932444E-05,1.024E-05
70,1,557.048789473684,4458.21232566804,-813.795903745088,0.116608514226867,9.74214490328644,1816.74679398009,512.499099596924,512.484419668373,175.113594507167,46.790915018749,1.75614565222312,0.115895562791501,0.00358266003734,0.010991110945453,0.011191822977734,0.00298355971259,2.59545318368203E-05,1.024E-05
71,2,557.048789473684,4427.43838194467,-618.866956300468,0.453787712527809,3.82034251267466,81.5186945622183,512.493611023685,512.47538733981,179.181446389169,44.2615977112404,1.81253481356292,0.037350659264895,0.027809709604948,0.079840823283601,0.082279805956467,0.020269647884312,0.000170430778137,1.024E-05
72,3,557.048789473684,4489.92447670638,-1677.16429521609,0.91827937877448,4.04885724484255,184.508728898611,512.495368020248,512.344451645696,171.186535214903,19.1415162557138,4.80311888930408,0.056929997101936,0.007580913109888,0.052596571053803,0.052905105851425,0.005904223608207,4.9404179737876E-05,1.024E-05
73,4,557.048789473684,4603.95218063416,-886.306506291569,14.0086485186187,3.30656628486577,4.15014576452844,512.392386985081,512.128400522905,163.13936262972,26.5308738504229,1.74128655431691,0.046451601099208,0.425372249564821,1.79703573109642,1.82399070310926,0.296496743274958,0.002642793307137,1.024E-05
74,5,557.048789473684,4435.77619565023,-1363.69480819512,28.0649077587051,3.3679336183297,5.51297175337776,512.476416460049,512.651240691874,37.2002012373918,168.079746781244,1.68222582611038,0.038140125358234,0.286305393487751,1.15482536212355,0.256955619850749,1.16321921070963,0.002274289185117,1.024E-05
75,6,557.048789473684,4513.18439311792,-2513.60355477466,1.88329550987265,6.65928213762848,154.575302692352,512.493985297263,511.908474956717,158.708443249267,12.2528276393642,1.63142675952879,0.063768159637469,0.00641863365426,0.065352910687955,0.065507690812814,0.005054914378361,4.5315576512477E-05,1.024E-05
76,7,557.048789473684,4351.04256542009,-776.430236874983,0.488745553764901,6.28489580712988,269.795699893178,512.496640287941,512.469779591066,103.476455999926,38.5400572242631,4.90644089564599,0.052543584554856,0.008327461986721,0.019826918712557,0.02015227896713,0.007505929805826,0.000119107874008,1.024E-05
77,8,557.048789473684,4563.38681317666,-311.552147084074,0.055066952524456,5.88945137281938,245.998682168036,512.494752474225,512.49351632637,174.185787918011,63.7149151388627,2.02622389395004,0.028760340600694,0.011178603665743,0.018578684552572,0.020373948654799,0.007448190456244,6.98188899127568E-05,1.024E-05
78,11,557.048789473684,4511.88830173482,-814.124106999752,4.37450351363122,3.36420549880785,11.9396172471469,512.498491836877,512.439195626126,183.958413422141,39.2930760074395,1.75607262973085,0.036712320679947,0.157876734070095,0.556201096475169,0.567731106532429,0.120711956449852,0.000972911567476,1.024E-05
79,12,557.048789473684,4404.97612469556,-796.043520048537,0.677018723120164,3.90955246559143,82.4732556820966,512.498136504266,512.444858411358,139.711133927767,28.3564163156189,1.76018198658426,0.043320183086612,0.020119555220314,0.072123550662595,0.073382961725536,0.014893910306573,0.000157244803112,1.024E-05
80,13,557.048789473684,4594.33122479557,-746.535021611063,0.13483359996773,11.4823454906767,927.4373574928,512.498857432833,512.466787871259,142.8302899611,40.1772644993055,1.77241408062218,0.076077545282163,0.003991304511472,0.011497741101048,0.011716613207381,0.00329566644112,3.54358586794071E-05,1.024E-05
81,14,557.048789473684,4475.58898865501,-1893.96556680138,0.493230442332593,4.78295663768227,328.570805436084,512.497249361948,512.210079700529,161.577527404263,11.4310498163874,4.79278063882761,0.068119775602259,0.003579705002907,0.033388228610907,0.033519878600935,0.002369574431423,2.08456763097769E-05,1.024E-05
82,15,557.048789473684,4278.44075262017,-290.824716806358,0.16523640565821,15.4609617668597,520.499086811418,512.483772447687,512.492383069381,66.8842354002497,46.8215743009252,2.05398698663965,0.062674163246828,0.006239106000446,0.007597836247292,0.008053996319069,0.005637969677902,0.000233752904918,1.024E-05
83,16,557.048789473684,4363.17134308007,-844.996865962064,0.067019484006694,163.930144518231,2591.12856580932,512.498761885784,512.487466342933,126.074373885397,46.1896182879566,1.74944912243717,0.060052434127334,0.001174465340594,0.002881644152845,0.002921868397677,0.001070493305312,1.38699624377682E-05,1.024E-05
84,1,557.637947368421,4458.21232566804,-855.60168753617,0.130025386041558,9.60863432548971,1816.47190723448,512.499186401466,512.483619355942,174.838600747151,46.8693335287375,1.7472807674946,0.116833700121219,0.003563103818815,0.01108107095261,0.011266394846124,0.003013208176477,2.62668069834181E-05,1.024E-05
85,2,557.637947368421,4427.43838194467,-641.849071590472,0.489966766258324,3.81372213701827,81.5063772119665,512.493628118696,512.474689150047,178.846199452392,44.3569636961318,11.2289734343244,0.037467403600221,0.027468128472689,0.08010489200557,0.082395152735028,0.02037987675676,0.000171768935898,1.024E-05
86,3,557.637947368421,4489.92447670638,-1852.86984353076,1.12126409504693,4.06093686087132,184.390885781287,512.496001054085,512.351518209828,19.1569648934626,171.001566100688,4.79455575728688,0.056894746895382,0.007309458540333,0.052578819506881,0.005908970046842,0.052848014297089,4.94997228007799E-05,1.024E-05
87,4,557.637947368421,4603.95218063416,-917.287928501756,15.189764910046,3.32208914788877,4.12590481018568,512.401295570137,512.553657623335,162.616137070104,26.7573422598308,1.73563374421937,0.046252300407499,0.420268284257609,1.7969220881941,1.82213346230323,0.299670557078967,0.002680436716556,1.024E-05
88,5,557.637947368421,4435.77619565023,-1476.95523194941,33.2558753237036,3.34939275709292,5.51949097000612,512.474671004888,512.543985574733,37.260932815081,167.271698578985,1.67374356388023,0.038360730575318,0.283588055946122,1.15528034183556,0.258565419480366,1.16255146609366,0.002301669302243,1.024E-05
89,6,557.637947368421,4513.18439311792,-2892.34512335052,2.49736257691356,6.71174813012231,154.067269467501,512.493748730849,511.784481146377,158.539691807691,12.2883397162951,1.62350323438735,0.0634586183375,0.006114210206918,0.065209465536906,0.065334312388892,0.005061489717418,4.54249445507981E-05,1.024E-05
90,7,557.637947368421,4351.04256542009,-820.168402550103,0.54357158127865,6.32591349596612,269.777602300015,512.496269773078,512.467967708587,103.286757959548,38.5990176319406,1.75473792179871,0.052339699683229,0.008224008539393,0.019748068409608,0.02003853912074,0.007488489116826,0.0001191771476,1.024E-05
91,8,557.637947368421,4563.38681317666,-317.367540535073,0.056580181500555,5.99670984001059,246.013206650089,512.494765829829,512.494725504125,173.667534855834,63.8498875952721,2.01896009322344,0.028491942881647,0.010970123132733,0.018406618016506,0.020122586860434,0.007393524077139,6.96216702479103E-05,1.024E-05
92,11,557.637947368421,4511.88830173482,-855.212882296801,4.81027644948411,3.38008278649353,11.9340501839994,512.499703081486,512.417420247803,183.816796571378,39.3453396775389,1.7473593457805,0.036630473725082,0.15457017319322,0.555476677720255,0.566151750742087,0.120558376707136,0.000972594454454,1.024E-05
93,12,557.637947368421,4404.97612469556,-836.9825555657,0.747851856296411,3.91937456747039,82.470189049381,512.498187175403,512.456623368164,28.4109062084064,139.322698908967,-1.39046956238608,0.04320977808664,0.019642154761282,0.071859194603367,0.014885035103534,0.072994984309473,0.000157653402697,1.024E-05
94,13,557.637947368421,4594.33122479557,-776.069155906353,0.145995696996006,11.4618394536318,927.341791596028,512.499049744434,512.462837823652,142.602405889114,40.2384595930439,1.76493627733702,0.076167190295157,0.003952425187538,0.011510050508563,0.011712911109919,0.003304914202681,3.5611208460809E-05,1.024E-05
95,14,557.637947368421,4475.58898865501,-2105.51732689537,0.610567460967911,4.77284722769483,328.500195257178,512.496848726373,512.190868836071,161.469554235709,11.4194252889498,7.92632565990003,0.068326519321784,0.003391534990926,0.033495155733533,0.03360661052514,0.00237482227689,2.09055285121455E-05,1.024E-05
96,15,557.637947368421,4278.44075262017,-299.976943106974,0.177724074862917,15.4131996501762,520.673740140163,512.483759672184,512.491470074058,66.6097978122601,46.9887967440484,2.04135219736936,0.062776072108159,0.00622550838107,0.007605385947459,0.008031313604642,0.005665408317,0.000239416666948,1.024E-05
97,16,557.637947368421,4363.17134308007,-895.334573368035,0.075425611042265,163.268081002108,2591.45465342198,512.498684782838,512.487715708344,125.874653877139,46.2551904626476,1.73960005571132,0.060177346985621,0.001167171589706,0.002887031914093,0.002922937689184,0.001074107527246,1.39519170211713E-05,1.024E-05
98,1,558.227105263158,4458.21232566804,-899.96402032264,0.142907115722246,9.72993167740787,1816.71392662991,512.499078789525,512.483351485799,174.597195150743,46.9257213557423,1.7387480013129,0.116074719925429,0.00349367382282,0.011007599344437,0.011176270768137,0.002996835713873,2.61706869432899E-05,1.024E-05
99,2,558.227105263158,4427.43838194467,-668.418417604869,0.532112250638859,3.80208341320104,81.4592560110365,512.493898517707,512.473502832539,44.4454423360451,178.462963178266,1.79523241606524,0.037478901381098,0.027033767172795,0.08016173907365,0.020438727879443,0.082291220254869,0.000172728603048,1.024E-05
100,3,558.227105263158,4489.92447670638,-2034.31378823321,1.35479929668091,4.05398779947716,184.240564014777,512.495959472787,512.335986040269,170.826707607116,19.1891441751487,4.78725584579176,0.056887073464493,0.007102733932539,0.052591559399883,0.052830211877477,0.00592322196864,4.96732559644756E-05,1.024E-05
101,4,558.227105263158,4603.95218063416,-963.688087189714,16.5366996950263,3.32547306860409,4.18098761047113,512.392410830469,511.87005062912,26.4838459056922,-161.753303317868,1.72783009476467,0.046596189880941,0.40484866967508,1.77822667902392,0.294755335274849,1.80086349256523,0.002650587168011,1.024E-05
102,5,558.227105263158,4435.77619565023,-1600.85569151284,38.9470640391873,3.36826403200977,5.50150436513723,512.475844655463,512.244817180447,37.2997166151297,167.406402706575,1.6658256886755,0.038171431588357,0.279965129303613,1.155788608533,0.258469773474878,1.16224255655766,0.002298066422537,1.024E-05
103,6,558.227105263158,4513.18439311792,-3388.63995500765,3.4367856888654,6.72879479507484,153.644043807155,512.493090036805,511.522662084422,158.407716156693,12.2919336384687,1.61579517211433,0.063425643119201,0.005860668116374,0.065324248791938,0.065424508845274,0.005074088609334,4.55766046353489E-05,1.024E-05
104,7,558.227105263158,4351.04256542009,-870.471659776422,0.612775994808987,6.32860700767848,269.722253470662,512.495974640273,512.474783774411,103.066877284798,38.6714431908764,1.7443266091672,0.052287972840933,0.008150116521668,0.019722187049227,0.019979728024885,0.00749663453412,0.000119720512937,1.024E-05
105,8,558.227105263158,4563.38681317666,-322.94912650939,0.058531458672161,6.02672729249236,245.997841963868,512.494659147216,512.487761752672,173.166278279124,64.0550030284956,2.01218880841525,0.028417906576986,0.010852041590011,0.018359882433956,0.02001362384237,0.007398530280166,7.00050762700839E-05,1.024E-05
106,11,558.227105263158,4511.88830173482,-895.540215884347,5.27486197918062,3.37367177828069,11.9328426207696,512.503061779832,512.59195946428,183.578935688481,39.3813089682054,1.73956202529907,0.036609728995137,0.151989033036917,0.555374577108265,0.565315306604706,0.120707355627695,0.000975286696649,1.024E-05
107,12,558.227105263158,4404.97612469556,-882.820223907769,0.832505062457236,3.92483650977504,82.4262782073588,512.49790182365,512.478442309518,28.4766115994962,139.127976396498,-1.39964587459308,0.04317956760791,0.019237616567565,0.071855678797401,0.014916426151188,0.072877285782715,0.000158262582061,1.024E-05
108,13,558.227105263158,4594.33122479557,-813.014274514447,0.163314025887637,11.0867479174763,927.386839315095,512.498957532835,512.462303787305,142.377471400515,40.2943977597552,1.75631978754547,0.077625149472642,0.003977478669321,0.011729200307508,0.01191770299809,0.003372693096338,3.64177161336621E-05,1.024E-05
109,14,558.227105263158,4475.58898865501,-2364.18835315616,0.771152456980333,4.77317234684355,328.031364820528,512.497231731396,512.185012274931,161.275764778079,11.4285622206427,14.2016188896589,0.068282646672129,0.003210755343736,0.033499039864225,0.033592156319744,0.002378629111519,2.09648054211564E-05,1.024E-05
110,15,558.227105263158,4278.44075262017,-311.095822620837,0.19302456472809,15.4622991619826,520.553659748412,512.484464816096,512.491545493999,66.3334100181872,47.1955978402474,2.02680314781784,0.062671136701681,0.006196277215548,0.007594532378119,0.007986487552111,0.005682146589179,0.000245313256631,1.024E-05
111,16,558.227105263158,4363.17134308007,-951.453293940752,0.08583500163968,161.079703985756,2591.05171168025,512.498753713804,512.488244643739,125.682423027128,46.3277270608743,1.72981574049884,0.060582438480449,0.001166376809526,0.002906558861039,0.002938574785287,0.001083202026768,1.41052524133333E-05,1.024E-05
112,1,558.816263157895,4458.21232566804,-952.809129452045,0.161627416177253,9.58626428275505,1816.47934588431,512.499276222418,512.482345178431,174.33119031965,46.9934228272418,1.7295932453735,0.117058428984789,0.003476762382106,0.01110097114421,0.011255241270281,0.003026986557173,2.6486560940167E-05,1.024E-05
113,2,558.816263157895,4427.43838194467,-695.251926838914,0.573410225095298,3.83149762009614,81.5279916350423,512.49390659799,512.44814785725,178.116568820612,44.5018415117096,4.92843500088504,0.03736541862769,0.026506421921713,0.079838439712654,0.081814351774776,0.02038601150457,0.000172691250987,1.024E-05
114,3,558.816263157895,4489.92447670638,-2301.1201889793,1.73575170497341,4.06396830921938,184.130387475365,512.496009081445,512.340051546801,170.625649805078,19.2011150758582,26.7697508867169,0.056892857187423,0.006869311644233,0.052598074892228,0.052804073052609,0.005931011603599,4.97993455452768E-05,1.024E-05
115,4,558.816263157895,4603.95218063416,-1020.57552213593,18.564518247518,3.31624629800081,4.19972254447092,512.400520654509,513.006237056462,-160.921775369844,26.448534295543,1.71920859831969,0.046786300800937,0.393169463494476,1.77007418738738,1.79022033908058,0.294180634359285,0.002660187662926,1.024E-05
116,5,558.816263157895,4435.77619565023,-1763.90339216453,47.5111203881571,3.36729526282066,5.51006979628331,512.474615434002,512.436199015776,37.3604005267633,166.740284834368,1.65708731820724,0.038222567746223,0.276592026647069,1.15203215978688,0.258939316052488,1.15750904907666,0.002312745868358,1.024E-05
117,6,558.816263157895,4513.18439311792,-4113.680128132,5.11082965244952,6.73747005000889,152.850399205817,512.491807540394,511.166443766556,158.017214619346,12.3717844709292,1.60787212339247,0.063136612238468,0.005651026346478,0.065225051021572,0.065302736990318,0.005110356298069,4.60207098614593E-05,1.024E-05
118,7,558.816263157895,4351.04256542009,-920.864383517175,0.68635257809826,6.32957388470613,269.739298774234,512.495956613699,512.471152187476,102.909689857574,38.7328647862426,1.73500501645815,0.05228276197472,0.008092252070559,0.019715106446255,0.019945184632932,0.007507301656662,0.000120202208258,1.024E-05
119,8,558.816263157895,4563.38681317666,-330.233057798033,0.060981980501599,6.07911191172131,246.047612933688,512.494741572305,512.490178763572,172.490095506492,64.261084830653,2.00363497624412,0.028281562999572,0.010681485203613,0.018261547519629,0.019835765079306,0.007385280413932,7.03137914017614E-05,1.024E-05
120,11,558.816263157895,4511.88830173482,-946.419646673876,5.91314676086666,3.36786743907929,11.9271492127,512.506018008207,512.480710486021,183.310793101496,39.4306642805746,1.73064720733809,0.036720594029867,0.149690788381695,0.557324713173601,0.566500806187152,0.121303747544873,0.000981807677618,1.024E-05
121,12,558.816263157895,4404.97612469556,-929.231286028159,0.921721455575081,3.93578255807064,82.4099604623189,512.498512707287,512.49344057065,138.932040935629,28.5137993513693,1.73355255056228,0.0431367160102,0.018860197102426,0.071795776257341,0.072717819695531,0.014924202882059,0.000158604930871,1.024E-05
122,13,558.816263157895,4594.33122479557,-854.284372507247,0.179872435339068,11.1569240802356,927.342530348971,512.49905713122,512.466143441785,142.149557867105,40.3533221904116,1.74754727981804,0.077400573614652,0.003917247103537,0.011694428089395,0.011864776847797,0.003368031064828,3.64452363678608E-05,1.024E-05
123,14,558.816263157895,4475.58898865501,-2725.56351327304,1.02462639260279,4.77541608881086,327.961947873661,512.497248710149,512.155972777466,161.062615996704,11.4280290682035,-1.51487072644154,0.068228409183461,0.003023428170006,0.033452750831623,0.033528266502191,0.002377222306223,2.09804092070129E-05,1.024E-05
124,15,558.816263157895,4278.44075262017,-323.143212136942,0.209087976261822,15.6103034383182,520.577814205885,512.484236525263,512.490385492548,66.072230764488,47.3664293123121,2.01195679118543,0.062358184598132,0.006143708890479,0.007556143601491,0.007914954248636,0.005673972548581,0.000249828849344,1.024E-05
125,16,558.816263157895,4363.17134308007,-1017.23309249986,0.098495139924742,159.815340517954,2591.34659883917,512.498842564951,512.487849946282,125.50518968278,46.38495363177,1.71968908825898,0.060804235093505,0.001161617673022,0.002916721257299,0.002944836549835,0.001088386585492,1.42046398618862E-05,1.024E-05
126,1,559.405421052632,4458.21232566804,-1005.7207364626,0.177988147016985,9.80264912698631,1816.46248914388,512.499323978146,512.484682969384,174.115776424245,47.0483292344334,1.72136794222904,0.115674551787583,0.003395807456309,0.010969341487513,0.011108534077953,0.00299472439242,2.62465767106931E-05,1.024E-05
127,2,559.405421052632,4427.43838194467,-723.157311040488,0.621611092397456,3.81572604736962,81.5082790726126,512.494376416417,512.46187660462,177.811593610891,44.5707832134128,11.2035262995101,0.037426592511374,0.026163184114977,0.079979398121798,0.081824408191619,0.020454248105702,0.00017364235799,1.024E-05
128,3,559.405421052632,4489.92447670638,-2589.84959006166,2.19922847265351,4.07315607467137,184.018380710706,512.495655243019,512.319506843174,170.448309204522,19.2245248967976,-17.2199099615336,0.056793840212283,0.006680700340464,0.052507789564546,0.052688637837066,0.005931514266939,4.98581755016439E-05,1.024E-05
129,4,559.405421052632,4603.95218063416,-1068.65393990479,20.4821281129317,3.31799092335357,4.18411284169637,512.414401314375,512.576624786341,160.671574436543,-26.5288696228338,1.71262280707036,0.046758394919719,0.387123418857215,1.7752882344392,1.79373988390852,0.29611375626678,0.002681981610962,1.024E-05
130,5,559.405421052632,4435.77619565023,-1976.47305573374,59.455515035334,3.35518909776841,5.51356304078405,512.46430765823,512.332856374287,37.385311690627,167.131282559285,1.64784560402781,0.038254224022306,0.273355289284554,1.15565602567484,0.259116378610833,1.16038398323974,0.002308605014954,1.024E-05
131,6,559.405421052632,4513.18439311792,-5193.92291424679,8.27860522905411,6.68244476640685,152.149748223003,512.488560044119,511.550948908859,157.309532699123,12.4347091108909,1.60016603780845,0.063278831813813,0.005514697153885,0.065394723407849,0.06545351384724,0.005171422370781,4.67855323824475E-05,1.024E-05
132,7,559.405421052632,4351.04256542009,-970.171926795326,0.76406080810169,6.30457015661782,269.741715715507,512.495756770351,512.474625887439,102.757182155114,38.7752471033829,1.72679760883963,0.052398421616887,0.008060992091968,0.019752584799225,0.019960268185753,0.007532057562802,0.000120875496763,1.024E-05
133,8,559.405421052632,4563.38681317666,-336.373162542874,0.063157906490525,6.12028008989126,245.983220152366,512.494702918209,512.493342633699,171.958630000793,64.4458337731887,1.99666222873007,0.028181196567606,0.010555531750667,0.018196999268933,0.019709605155515,0.007382179611383,7.06379383452453E-05,1.024E-05
134,11,559.405421052632,4511.88830173482,-993.993882401,6.52701643036907,3.35588487775148,11.9386332340337,512.50588081747,512.470188880187,183.005222051714,39.4920427099501,1.72311714873359,0.036743998348168,0.147322837706826,0.556829222778386,0.565338726953102,0.121436586836886,0.000984808534984,1.024E-05
135,12,559.405421052632,4404.97612469556,-981.548083963776,1.0302863052573,3.92352335082066,82.4282560923519,512.498965327551,512.453533317463,28.5339693406737,138.652813389952,1.72501824762107,0.043213994227187,0.018523912322886,0.071859934497046,0.014958513031905,0.072687662099964,0.000159325098286,1.024E-05
136,13,559.405421052632,4594.33122479557,-889.019778401393,0.193411819498833,11.3286300349981,927.293012619014,512.49908668118,512.464469740928,141.96329196408,40.3963570664034,1.7407762009977,0.076812518130311,0.003851480840293,0.01160369094129,0.011759854530267,0.003346220318026,3.62719746587344E-05,1.024E-05
137,14,559.405421052632,4475.58898865501,-3186.30301794108,1.40947571563413,4.74073603258574,327.6071852748,512.497244970131,512.152542048939,160.856310318837,11.4356586412821,-1.52294419052217,0.068525609413479,0.002880431427654,0.033605384272519,0.033666847263149,0.002391664208584,2.11353127290091E-05,1.024E-05
138,15,559.405421052632,4278.44075262017,-328.807940721324,0.218311039258841,15.5541877134094,520.612772145423,512.484416030088,512.491147035265,65.9320154714511,47.4590514437769,2.00528403582213,0.062480005680395,0.006147188213702,0.007567736147358,0.007913059307696,0.005695791931869,0.000253517484147,1.024E-05
139,16,559.405421052632,4363.17134308007,-1079.90265528818,0.111646815313805,158.419040642957,2590.99492629345,512.498930388137,512.488967005975,125.351694554376,46.4448571918211,1.7111649121719,0.061096704083204,0.001160587473352,0.002930712158692,0.002955781034992,0.001095182531998,1.43222711028392E-05,1.024E-05
140,1,559.994578947368,4458.21232566804,-1075.31888926493,0.205677218459285,9.60458492501977,1816.98917145262,512.49934438026,512.484659900504,173.871405086707,47.0979833549538,1.71175538380681,0.116957571051155,0.003387090559975,0.011086748804005,0.011212713404049,0.00303025964348,2.66056446721741E-05,1.024E-05
141,2,559.994578947368,4427.43838194467,-758.338889185694,0.683049918590341,3.82394130645177,81.5006431507945,512.494294008127,512.472564753782,177.468882489789,44.6678747857206,36.3268774636931,0.037359153880325,0.025691406023724,0.079840244063987,0.081533642963424,0.020467356054521,0.000174184409668,1.024E-05
142,3,559.994578947368,4489.92447670638,-3102.12606378638,3.16682477728459,4.05463726566168,184.052448346614,512.495614985224,512.364121736661,170.208715328322,19.2333075464033,-4.66324042712384,0.056965610939485,0.006482500426502,0.052609250829216,0.052761919813128,0.005950792209872,5.00928478315454E-05,1.024E-05
143,4,559.994578947368,4603.95218063416,-1171.9528809417,24.2622996006609,3.31578826573563,4.22557576291773,512.405338692056,511.660175173464,160.118248855268,26.1375002341374,1.70026768778151,0.047231992076657,0.370314453000396,1.77387750931044,1.78943948883535,0.291970620491272,0.002650521261942,1.024E-05
144,5,559.994578947368,4435.77619565023,-2272.78816492059,78.4233500630929,3.35945623006972,5.51061550658813,512.471585687605,512.824785848984,37.3404311082033,167.454161255382,1.63783260180736,0.0382005315049,0.270212807746253,1.15857783023336,0.259324727097044,1.16257641005131,0.002306186461619,1.024E-05
145,6,559.994578947368,4513.18439311792,-7293.23869918597,16.364382736216,6.67744462559874,151.98210177871,512.488683319628,513.211958111972,157.100154263326,12.4357560441271,1.59171510362701,0.063303747718765,0.005356380747765,0.065419551455061,0.065463996513551,0.005179661352897,4.69233254809032E-05,1.024E-05
146,7,559.994578947368,4351.04256542009,-1075.95268856856,0.939354239547807,6.32985236683967,269.669085296355,512.496144863025,512.485820498702,102.548997547949,38.871290041603,1.71167344521381,0.052282555884698,0.007966334758909,0.019711624403484,0.019880146878627,0.007535939284922,0.000121371101003,1.024E-05
147,8,559.994578947368,4563.38681317666,-343.675188603369,0.065924017060173,6.12499434106408,246.084886087989,512.494735501968,512.492120400197,171.402889947766,64.6307618359069,1.98863999861017,0.028164727112905,0.010442785699614,0.01817773345756,0.019626331558324,0.007395988918749,7.11422393416349E-05,1.024E-05
148,11,559.994578947368,4511.88830173482,-1067.20711983225,7.53194762979536,3.36055356209847,11.9236530014067,512.507472189867,512.414957788101,182.806176914712,39.5799915343645,1.71281250904485,0.036693383735186,0.144479696469047,0.557282607909577,0.564990816560817,0.121787491297662,0.000988874597334,1.024E-05
149,12,559.994578947368,4404.97612469556,-1045.49047898675,1.17325305678159,3.92203006760972,82.2356138508006,512.499009949045,512.457119262684,28.6519202681362,138.522325345329,4.85731436076771,0.043156964668151,0.018207433036605,0.071957435875799,0.015034894524648,0.072688414254299,0.000160368047878,1.024E-05
150,13,559.994578947368,4594.33122479557,-943.431866678658,0.21900869650973,11.2150979159691,926.872379127186,512.49913431417,512.471832967523,141.729697689855,40.4824009716468,1.73114482376263,0.077103781180189,0.003820369185929,0.011651036405423,0.011790372002628,0.003367615874073,3.65885957076245E-05,1.024E-05
151,14,559.994578947368,4475.58898865501,-3767.41259709625,1.96913808409581,4.77513915252061,327.152930462957,512.49700140611,512.211322747133,160.594066964921,11.4442756517106,-1.53031641308975,0.068264148747999,0.002744142154887,0.033479900191188,0.033529750765647,0.002387652875673,2.11347945468288E-05,1.024E-05
152,15,559.994578947368,4278.44075262017,-353.352338961338,0.254458440089517,15.6653053174609,520.599013001311,512.484541239364,512.490453345136,65.5565982337362,47.7293543564733,1.97843719693504,0.062279347743616,0.006094791868432,0.007547788739521,0.007842939738503,0.00570998247297,0.000262096869869,1.024E-05
153,16,559.994578947368,4363.17134308007,-1186.67367369595,0.135771860912226,156.018538711756,2591.54722764307,512.498929291142,512.490161870374,125.172451137305,46.4992391577785,1.69867914533956,0.061539398099171,0.001158907978197,0.002951389544024,0.002972305057101,0.001104174104205,1.44725587828258E-05,1.024E-05
154,1,560.583736842105,4458.21232566804,-1143.11354413306,0.234411613573089,9.4626521729353,1817.01422807275,512.499405999384,512.483764612562,173.6798241605,47.1473502631769,1.70349634001436,0.117931286635875,0.003378601145332,0.011178367742666,0.011293442916099,0.003058648903328,2.68936830881826E-05,1.024E-05
155,2,560.583736842105,4427.43838194467,-792.257198724673,0.744588235842551,3.84502536307651,81.4644297424451,512.49470105789,512.491605586207,44.7357499343813,177.233305115319,17.4690287209422,0.037304623205394,0.025294995318193,0.079782800104649,0.020475909302355,0.081351131303055,0.000174536227156,1.024E-05
156,3,560.583736842105,4489.92447670638,-3653.69939428378,4.40335306121024,4.05484529762531,183.884058303163,512.496043142966,512.366312969171,170.038461368132,19.2631826262219,-1.52905800715436,0.05693305099722,0.006349181752211,0.052592938243575,0.052727117311287,0.005962347861622,5.0243646679245E-05,1.024E-05
157,4,560.583736842105,4603.95218063416,-1266.02893672859,28.7156371278408,3.32711939145158,4.21260035658634,512.401448301913,511.414470449982,159.005223821963,-26.4546759159144,1.69074257566033,0.046915423131226,0.361054025743807,1.75737007124851,1.77063595305093,0.294465377768927,0.002694560768264,1.024E-05
158,5,560.583736842105,4435.77619565023,-2578.37872255686,100.98791037316,3.36145020720919,5.48367865593679,512.479520428181,511.649566643887,167.572598211162,37.4635076693775,1.62990716617812,0.038097004788113,0.268501676893006,1.16157998211149,1.16506872878072,0.259962609127271,0.002309817614872,1.024E-05
159,6,560.583736842105,4513.18439311792,-12502.5730887132,47.9020323199593,6.61623925234475,152.277551852178,512.491872292899,513.716092222299,157.570758144387,12.3928762691095,1.58300023987872,0.063612850013548,0.005238286901311,0.065815923047166,0.06585300178236,0.005176709069306,4.67531117151995E-05,1.024E-05
160,7,560.583736842105,4351.04256542009,-1144.484162387,1.06183411242785,6.35002642065612,269.664714605303,512.496282981546,512.49268812496,102.415827615155,38.9078307075818,1.70333927612237,0.052196013120692,0.007911102525435,0.019673649771174,0.019822326872442,0.007530829932231,0.000121536072583,1.024E-05
161,8,560.583736842105,4563.38681317666,-350.09669167221,0.068538352253434,6.14229561969107,245.967085779915,512.494904761449,512.491803315569,170.901206554698,64.8452508584997,1.98181680510529,0.028138331768603,0.010355668916819,0.01816468501639,0.019559894245121,0.007417131467936,7.17042732509853E-05,1.024E-05
162,11,560.583736842105,4511.88830173482,-1124.17324491666,8.32854292914799,3.37297605585219,11.9320708529197,512.506190477411,512.368839852931,182.584781991198,39.5838330197059,1.70570528722962,0.036636879008544,0.141976013899563,0.555564526113969,0.562705857859361,0.121423574149305,0.000987402377768,1.024E-05
163,12,560.583736842105,4404.97612469556,-1113.18236584551,1.33004958415094,3.92017158879084,82.3198816060188,512.49865462633,512.445357550702,138.209949624417,28.6531755997804,4.84861360994268,0.043197364734061,0.017856307588242,0.071875743162702,0.072520298523784,0.01503458190675,0.000160757390265,1.024E-05
164,13,560.583736842105,4594.33122479557,-985.999103822649,0.240709707187938,11.1075117458708,926.85945298371,512.499121333533,512.471123177966,141.559625553013,40.5204390186993,1.72433296920281,0.07755380577624,0.003808995270447,0.011716790935072,0.011845154357704,0.003390552821106,3.68962572824149E-05,1.024E-05
165,14,560.583736842105,4475.58898865501,-4718.86030214386,3.09703288970174,4.7689517036095,326.848145448886,512.497149863152,512.248511242766,160.378043677894,11.4542856078491,1.60312081452966,0.068257332049982,0.002624133060288,0.033472710117417,0.033512241983362,0.002391756434669,2.12000938851515E-05,1.024E-05
166,15,560.583736842105,4278.44075262017,-360.527395160466,0.265812549124597,15.7491369073957,520.663137336598,512.48458318829,512.49413625687,65.4188710985432,47.8128920050159,1.9711712387542,0.062103476625684,0.006069122671914,0.007522251904373,0.007803394062577,0.005703118852601,0.000264641553634,1.024E-05
167,16,560.583736842105,4363.17134308007,-1273.23416722961,0.155484514364963,158.053823729485,2591.1745261875,512.499009337186,512.491642793353,125.041011447142,46.5523934193826,1.69007023731996,0.061162400900675,0.001146147072287,0.002933357201844,0.002951416086491,0.001098822090774,1.44277147849713E-05,1.024E-05
168,1,561.172894736842,4458.21232566804,-1230.10944243006,0.273126209259165,9.36836023073026,1816.79808920404,512.499576324235,512.488697030257,173.4640721902,47.2031977481155,1.69421007462393,0.11859586475859,0.003359171158977,0.011241198923071,0.011344295701171,0.003079897906867,2.71246637576728E-05,1.024E-05
169,2,561.172894736842,4427.43838194467,-830.616808724762,0.818024447113253,3.82610988127958,81.5309386578966,512.494236905181,512.511293090152,176.933973920182,44.7737069822765,234.230331359788,0.037327636273713,0.02490113191529,0.079734552281792,0.081177744018864,0.020486782761694,0.000175013094491,1.024E-05
170,3,561.172894736842,4489.92447670638,-4626.14211864427,7.06873317109523,4.053444798083,183.82341203951,512.496072276183,512.372512010673,169.854159001519,19.2710522936641,-1.53782444922052,0.056940248223938,0.006211396710774,0.052577297358188,0.052693379408062,0.005967618468551,5.0344437192111E-05,1.024E-05
171,4,561.172894736842,4603.95218063416,-1322.39440369776,31.4409988438316,3.31376103246618,4.15076816526474,512.404370638895,511.954672443891,-160.928854790099,26.6729245146799,1.68567585830547,0.046639117072096,0.362400820008604,1.79465958647538,1.80736492764305,0.299423364529301,0.002707386318164,1.024E-05
172,5,561.172894736842,4435.77619565023,-3035.91160330946,140.631789690235,3.36704505135031,5.4744262459867,512.48190380243,511.778348248789,37.539375649712,167.360484547222,1.62101504772428,0.038076596944774,0.267107447411567,1.16210635882527,0.260926514268496,1.16503715807479,0.002322360372728,1.024E-05
173,6,561.172894736842,4513.18439311792,-42739.2196465753,555.861286091923,6.56937875751744,153.171152774123,512.493484766797,513.300896333664,157.736233194558,12.3243864940724,1.57436651931542,0.063971417060867,0.005152458435728,0.065875599299591,0.065908868032993,0.00514711488819,4.64331112949255E-05,1.024E-05
174,7,561.172894736842,4351.04256542009,-1235.47902353988,1.23603189895554,6.36073860544567,269.70494643417,512.496358919314,512.493250570986,102.305927342717,38.9537621831268,1.69367909441729,0.052118598286896,0.007853836766328,0.01964146283966,0.019768853256863,0.007527433394134,0.000121703901971,1.024E-05
175,8,561.172894736842,4563.38681317666,-358.531353500546,0.071894667066677,6.15781088875615,246.00779055301,512.495323098914,512.488630825037,170.327057616599,65.0399696949563,1.97316785940933,0.028118546744225,0.01024150120064,0.018147169612102,0.019477267558823,0.007432925032629,7.22545930176094E-05,1.024E-05
176,11,561.172894736842,4511.88830173482,-1204.20321658912,9.57783447328159,3.3705203047441,11.9211430018236,512.504293012916,512.267353359252,182.380742366564,39.6217580396801,1.69683735573771,0.036679881724441,0.139916146392323,0.556736121094376,0.563267555609849,0.121812510764211,0.000991905127147,1.024E-05
177,12,561.172894736842,4404.97612469556,-1188.54725539693,1.51908429135398,3.91222081314798,82.3548797735819,512.49861902609,512.445231209509,137.992948163773,28.6739684983398,4.84007239478909,0.043286388142603,0.017570213181336,0.071960094394635,0.072526620355976,0.015070372481657,0.000161424476283,1.024E-05
178,13,561.172894736842,4594.33122479557,-1047.64115448448,0.273594155210751,10.9858199607196,926.866684076233,512.499162644231,512.477367477965,141.368434988759,40.5696351638968,1.71542832944377,0.078056990542567,0.003791440809834,0.011791393029993,0.011905914853176,0.003416600481635,3.72464752254317E-05,1.024E-05
179,14,561.172894736842,4475.58898865501,-6452.38970345364,5.78877871895231,4.7763961922849,326.824929141976,512.497104503047,512.300763947006,160.094979290111,-11.4644181302519,1.59444019561122,0.06808221401863,0.002514102489594,0.033338566609843,0.033369299741387,0.002387943788646,2.12042556478548E-05,1.024E-05
180,15,561.172894736842,4278.44075262017,-378.281934830846,0.296963271231171,15.585608958291,520.725987088731,512.484724211181,512.494078916205,65.1831964165021,47.9721467517953,1.95420519310659,0.062460853885959,0.006085521398202,0.007564161681451,0.00781905920365,0.00575433970039,0.000272345961654,1.024E-05
181,16,561.172894736842,4363.17134308007,-1394.67592250369,0.184703027887972,161.129196396264,2591.50353461965,512.499100964876,512.492132050008,124.910524022393,46.5931637254893,1.67977031773346,0.06055069815787,0.001127778225377,0.002903573770061,0.002918475820224,0.001088646743299,1.43179172137267E-05,1.024E-05
182,1,561.762052631579,4458.21232566804,-1324.29319502311,0.318490180296173,9.26767235043456,1817.08148804584,512.499470483144,512.486819499053,173.291851812318,47.2422620058877,1.68551258463066,0.119337187520053,0.003344826745523,0.011309375627619,0.011402095281007,0.003101231480283,2.73476494730868E-05,1.024E-05
183,2,561.762052631579,4427.43838194467,-876.680506695424,0.916036425387455,3.8112940299522,81.4861772486911,512.494548984302,512.490552613751,176.658837888051,44.8434831804589,-1.39847075453907,0.037497062004858,0.02463679180942,0.080144775400256,0.081467687681234,0.020622876701957,0.00017651796746,1.024E-05
184,3,561.762052631579,4489.92447670638,-5964.54515020632,11.7627365001724,4.05934523125243,183.647915581339,512.495847506209,512.388525859258,169.731054648342,19.3036939629897,-1.54521941990429,0.056828536655241,0.006118963064037,0.052497459870392,0.05260144765165,0.005971696746486,5.041846738954E-05,1.024E-05
185,4,561.762052631579,4603.95218063416,97.9755578513078,-215.497272863372,3.35102594786586,-1,-1,-1,-1,-1,-2.5707963267949,-1,-1,-1,-1,-1,-1,1.024E-05
186,5,561.762052631579,4435.77619565023,-3621.89417036048,200.83700335688,3.35056952408306,5.45851959005432,512.478857400947,512.729423071609,-37.5676557568769,167.522585686609,-4.6702845718961,0.038147944910304,0.266677761021982,1.16923749223107,0.262295979011277,1.17180054230049,0.002331965670508,1.024E-05
187,6,561.762052631579,4513.18439311792,32988.1728555129,328.520405853261,6.53538809879594,154.12227416785,512.494283500045,513.120394572361,157.698191165735,12.2283507005814,1.56617082652627,0.0643489233586,0.005114394413729,0.065838961348004,0.065872334848462,0.005105380377108,4.60634651656641E-05,1.024E-05
188,7,561.762052631579,4351.04256542009,-1355.55769753209,1.49207690054449,6.34998964205023,269.647357076417,512.496477107123,512.497216961141,102.159295773918,39.0063571194247,1.68288914012102,0.05219140386877,0.007821558489136,0.019666995974538,0.019772942120616,0.007549719199313,0.000122350844918,1.024E-05
189,8,561.762052631579,4563.38681317666,-366.579915185202,0.074813443801361,6.21150984214546,246.116416713262,512.495277625781,512.487138538832,169.790952256108,65.17818167573,1.96523004148746,0.027990659624593,0.010093326387194,0.018052342493723,0.019319114094101,0.007411529572371,7.24048160845309E-05,1.024E-05
190,11,561.762052631579,4511.88830173482,-1289.12175850407,10.9510519020478,3.38108997105087,11.927818948487,512.5018956937,512.532172478034,182.186558118224,39.6526825523896,1.68861391235338,0.036594477182219,0.137508952331743,0.555125773251999,0.561102275733429,0.121615541607618,0.000991620727459,1.024E-05
191,12,561.762052631579,4404.97612469556,-1283.17237075854,1.7659064203352,3.93081661332348,82.2890822944551,512.498490792652,512.460784556688,137.853512134553,28.7300050164825,4.83074774765145,0.04309805509061,0.017200097570844,0.071704597336846,0.072189292467605,0.015045124677955,0.00016136879412,1.024E-05
192,13,561.762052631579,4594.33122479557,-1116.95342409493,0.31409621893983,10.7938971629997,927.007187294045,512.499059478214,512.480562912923,141.191449022577,40.6095931684259,1.70656667530052,0.078836451136006,0.003788179228329,0.011906108247325,0.012007935795868,0.003453601663187,3.77122399016459E-05,1.024E-05
193,14,561.762052631579,4475.58898865501,-9824.12989114609,13.4852430695146,4.75784132663343,326.76589119487,512.497273737201,512.383964952287,159.846002804827,11.4713658282738,1.58632702762196,0.068274188379322,0.002451873593621,0.033392910447304,0.033417900445026,0.00239666412017,2.13150275976401E-05,1.024E-05
194,15,561.762052631579,4278.44075262017,-398.728886694314,0.334003354344029,15.5444456581393,520.662347762673,512.485512438357,512.493331736843,64.9468385387175,48.1586791557018,1.93628816466298,0.062501488065844,0.00607595095175,0.007569232438802,0.007796700504589,0.00578116942648,0.000279615325642,1.024E-05
195,16,561.762052631579,4363.17134308007,-1537.31050485525,0.229051723478776,154.935835351791,2591.14879411307,512.499169503846,512.492518973344,124.784064789471,46.6427494132668,1.66972867742925,0.061753022028546,0.001144495786982,0.002961306472619,0.002973817136831,0.001111596927907,1.46444405868279E-05,1.024E-05
196,1,562.351210526316,4458.21232566804,-1439.5406389675,0.379742014926317,9.12434575331961,1816.79043251097,512.499559024445,512.489301447139,173.113848409566,47.2970231143263,1.67639962924559,0.120339055878968,0.003340174178127,0.011405413458247,0.011488165609524,0.003131381802264,2.7650854336103E-05,1.024E-05
197,2,562.351210526316,4427.43838194467,-923.369377655071,1.0119453256719,3.84149892281275,81.4801887659126,512.494933884429,512.477430649575,176.389922164052,44.9169541716153,-1.40702518296988,0.037306053287316,0.024178697985966,0.079733738516925,0.080939447829804,0.020555771046855,0.000176289128578,1.024E-05
198,3,562.351210526316,4489.92447670638,-9096.89457995425,27.4942054913624,4.03158730145494,183.592969698083,512.495902454216,512.446725203015,169.593608467414,19.3187339587812,1.5875683781,0.057017780100591,0.006061649519983,0.052654341220864,0.052748112891716,0.005997800289224,5.06818835092062E-05,1.024E-05
199,4,562.351210526316,4603.95218063416,-1611.45424333549,47.307965959576,3.32013494502147,4.17530191016282,512.395783549541,512.786391846057,158.755255270319,26.8623027796669,1.66520439884045,0.046722132829084,0.342506449616974,1.765275928031,1.77387886219937,0.300087580203538,0.002755128175617,1.024E-05
200,5,562.351210526316,4435.77619565023,-4440.70138568906,297.666211547139,3.35623813768737,5.50158392258408,512.470649682926,512.989489552492,167.664773182089,37.2189629457689,1.60514402701866,0.038293184004,0.262151094356216,1.16649468229789,1.16874373571648,0.259234141957784,0.002300562325208,1.024E-05
201,6,562.351210526316,4513.18439311792,11831.3536976267,42.4702077160129,6.4079395896299,154.715264173409,512.494251480691,512.903222904124,157.557568389358,12.1812507152711,1.55790013288723,0.065103366414567,0.005196190480371,0.0662926030437,0.06633040142056,0.005125823600733,4.62874598786345E-05,1.024E-05
202,7,562.351210526316,4351.04256542009,-1497.51610658704,1.83714287673423,6.25529115017652,269.646876446999,512.496113966972,512.499441327259,39.0356615802089,102.072147439537,1.67233986275425,0.05266127913728,0.007848681645876,0.019846263117658,0.007623391736493,0.019933887281915,0.000123718382132,1.024E-05
203,8,562.351210526316,4563.38681317666,-374.916356299555,0.077969364385223,6.26877575788383,246.10612286666,512.495129142307,512.489746118941,169.292871572118,65.3271497793152,1.95731556643544,0.027873072681904,0.009958862359503,0.017975417650548,0.019182332556083,0.007397544215364,7.26122631718642E-05,1.024E-05
204,11,562.351210526316,4511.88830173482,-1389.75147884096,12.7340940086497,3.36860186320361,11.941380023064,512.50413466148,512.440079758782,181.996976950284,39.6431299416361,1.68015339020218,0.03669234715107,0.135566055264606,0.555901034894222,0.56136089084748,0.121774481670972,0.000994053440596,1.024E-05
205,12,562.351210526316,4404.97612469556,-1393.62765851743,2.09768183390865,3.91398604763748,82.2602369474525,512.498575581741,512.42960558054,137.545980164964,28.7759621083957,4.82144429166201,0.043297244985823,0.016990726257787,0.071974190249736,0.072386960368951,0.015144226347576,0.000162851143063,1.024E-05
206,13,562.351210526316,4594.33122479557,-1184.9854539549,0.355172216743983,10.7149207167088,926.856317870283,512.49932034591,512.483807071206,141.035098455012,40.6573876172756,1.69885935279157,0.079139382676615,0.003770969716856,0.011951797480921,0.012042690678063,0.003471523663338,3.7965661658568E-05,1.024E-05
207,14,562.351210526316,4475.58898865501,-21024.2926333449,61.6724294408833,4.77289205901668,326.658248686312,512.497424528206,512.477809041083,159.719003902985,11.4741576528697,1.57805389375451,0.068097163880717,0.002403845680304,0.033293029686842,0.033314564769038,0.002391730430693,2.12885197652503E-05,1.024E-05
208,15,562.351210526316,4278.44075262017,-420.346867827233,0.371807130120336,15.7342769811963,520.779450821514,512.485478859838,512.49174208018,64.737431694488,48.2901958635471,1.91900932868146,0.062129412040045,0.006022563793433,0.007521465348225,0.007723532402759,0.005761142515933,0.000283702424467,1.024E-05
209,16,562.351210526316,4363.17134308007,-1714.92304738389,0.282937765398074,157.244165857019,2591.50259870213,512.499099078845,512.491704180134,124.674265038997,46.6770634889893,1.65953915549129,0.061293056110918,0.001130260533931,0.002938683896846,0.002948663077368,0.001103977860252,1.45645483339142E-05,1.024E-05
210,1,562.940368421053,4458.21232566804,-1575.97312439831,0.451150648215988,9.27703905013732,1816.82695440704,512.499680031429,512.488950088656,172.9516977007,47.3385020523828,1.66731684907107,0.119256739724288,0.003279204120941,0.011301564949009,0.011373834522929,0.003105866256383,2.74594455574513E-05,1.024E-05
211,2,562.940368421053,4427.43838194467,-976.435831917978,1.13430924501784,3.81721588269445,81.505206933904,512.493930849333,512.468962208082,176.130168928241,44.9707891460138,-1.41577979847762,0.03740417479723,0.023893113446755,0.079901645161024,0.081002490627219,0.020625050513746,0.000177209054202,1.024E-05
212,3,562.940368421053,4489.92447670638,-18348.7130487461,111.512432097216,4.06040370069361,183.534858273545,512.49570532464,512.485235828189,169.551669411436,19.3268854178088,1.57911213471653,0.056797086852962,0.005994662603469,0.052459586062507,0.052547326875679,0.005978972205862,5.05361446010474E-05,1.024E-05
213,4,562.940368421053,4603.95218063416,-1806.17036540106,60.4250563180804,3.31440776084328,4.17148114752202,512.390794903945,512.144094975637,27.1370711301888,-157.502216732068,1.65507764804771,0.046596554235028,0.336899597727654,1.75666498458581,0.303577784811815,1.76354688703279,0.002806280687588,1.024E-05
214,5,562.940368421053,4435.77619565023,-6073.94802517676,552.036521731848,3.35471216873806,5.51757512784935,512.475198170689,512.821022612355,168.103234080938,-37.1531606530969,1.59591274246879,0.038269787573966,0.259415766780971,1.16500081649323,1.16701795966219,0.257790818600747,0.002281769343097,1.024E-05
215,6,562.940368421053,4513.18439311792,7212.53291172338,15.7070190616841,6.38695495687918,155.388953526337,512.493840357901,512.841355292225,157.539671704669,12.1264784769455,1.54964354540312,0.0653567919029,0.005287358146372,0.066240333048375,0.06628721607397,0.005099369240313,4.60515114897184E-05,1.024E-05
216,7,562.940368421053,4351.04256542009,-1653.00299003056,2.22975514943116,6.28677528759296,269.69030320494,512.496646406876,512.496170213032,39.0685171948042,101.992545526223,1.662844974746,0.052447533231303,0.007782035012378,0.019762719915402,0.007597638544312,0.019834340374082,0.000123465324301,1.024E-05
217,8,562.940368421053,4563.38681317666,-383.239166423792,0.081684838157497,6.25778272069028,246.03671521631,512.494932255034,512.491985823361,168.857809375842,65.5381291975379,1.94970959958045,0.027891275198404,0.009887366711251,0.017994149188639,0.019150987191914,0.007428332057765,7.32514089323212E-05,1.024E-05
218,11,562.940368421053,4511.88830173482,-1513.5809342864,15.1127143213025,3.3695798715765,11.9338605460183,512.501746954222,512.273391692748,181.8632761555,39.6567104884879,1.6712693781464,0.036750183376538,0.133721987639211,0.557177801562739,0.562152159614319,0.121991292834916,0.000996459652322,1.024E-05
219,12,562.940368421053,4404.97612469556,-1512.92272555703,2.466808243066,3.91301097746025,82.2808327312727,512.498783323503,512.462497592611,137.482572881278,28.7810182018263,4.81290544954323,0.043261675653232,0.016709703537374,0.071925209899908,0.07227563821882,0.015130587595103,0.000162789593223,1.024E-05
220,13,562.940368421053,4594.33122479557,-1279.01413204864,0.410253859413285,10.9004152411243,926.806157339006,512.499601755587,512.489037108924,140.872399790797,40.6990115370508,1.68953629260617,0.078441145355431,0.003700501740724,0.011845895389993,0.011923319165306,0.003444611320268,3.77297927514081E-05,1.024E-05
221,14,562.940368421053,4475.58898865501,101103.647681011,1419.66630670311,4.806264474766,327.058905657432,512.497454479013,512.599834885296,159.642043315909,-11.4625181578439,1.56928710553263,0.06791430776041,0.002380266714312,0.03314654959079,0.033166997436728,0.002379742653046,2.1191988330988E-05,1.024E-05
222,15,562.940368421053,4278.44075262017,-442.617953758533,0.416328079667608,15.677177798652,520.732884491738,512.48512296852,512.493454412426,64.5632351339117,48.4248359101886,1.90277706399115,0.062247037249758,0.006023011304813,0.007536765764113,0.007718187407346,0.005788703387772,0.000289819545246,1.024E-05
223,16,562.940368421053,4363.17134308007,-1946.13243945742,0.362179072446593,159.096288370974,2591.74505431246,512.499232083885,512.493844119448,124.576986845319,46.7075359368038,1.64904195903732,0.06092082419392,0.001118204013957,0.002920488242997,0.002928191412496,0.001097886738032,1.4502304008104E-05,1.024E-05
224,1,563.52952631579,4458.21232566804,-1736.875723637,0.540380612924584,9.52486127631125,1816.8493712044,512.499834817832,512.48799573542,172.81436575482,47.3723044798417,1.65842328857014,0.117591880605125,0.003205895833786,0.011143150027182,0.011205878057062,0.003064642341354,2.71233506811911E-05,1.024E-05
225,2,563.52952631579,4427.43838194467,-1037.05886213232,1.27838470907661,3.82855280443373,81.4908641262408,512.494710667004,512.500787795026,175.916520602158,45.0270549834363,-1.42470928422358,0.037356074298272,0.023544084632331,0.079821313300941,0.08081889455192,0.020630331328468,0.000177530593106,1.024E-05
226,3,563.52952631579,4489.92447670638,-822033.205857282,224068.639353085,4.06203532244589,183.35023922484,512.495897603463,512.55305199272,169.563406135036,19.342464854257,1.57098194933154,0.056764976832625,0.005986443483275,0.052488158356857,0.052574294631018,0.005986435568633,5.05967252492419E-05,1.024E-05
227,4,563.52952631579,4603.95218063416,-2019.52317299313,76.7291804193326,3.3165793866138,4.17249611296887,512.372859495145,512.51164276427,156.792960832149,-27.5595105482208,1.64620943430229,0.046466221046253,0.332519108702526,1.73724607646899,1.742784983264,0.306289951211539,0.002854372905243,1.024E-05
228,5,563.52952631579,4435.77619565023,-10094.3566855106,1527.29244031736,3.37208872382365,5.49613390352838,512.473967040907,512.446911041814,168.061030284199,37.2778841002161,1.58591133362005,0.03814144847202,0.258900932018943,1.16573439803024,1.16752433787794,0.258351756670761,0.002286576597352,1.024E-05
229,6,563.52952631579,4513.18439311792,5133.98395255503,7.96304960583327,6.33617170408933,155.714203159685,512.494825592474,512.846642525808,157.620186417758,12.0917343549338,1.54108392673622,0.065712247326762,0.005470013498449,0.066486789036632,0.066548417243685,0.005102939821921,4.60582055516172E-05,1.024E-05
230,7,563.52952631579,4351.04256542009,-1908.79159687822,2.97847296408269,6.28203022516718,269.746657633871,512.496345111456,512.507074842299,101.867670403705,39.1018189711507,1.65056622025958,0.052514671275714,0.007750884036763,0.01977734445046,0.019831100507636,0.007612293352717,0.000123945353029,1.024E-05
231,8,563.52952631579,4563.38681317666,-392.17693737075,0.085810093448748,6.24229782321344,246.003718621513,512.494749383783,512.491661829189,168.424267124123,65.735535902616,1.94185291892168,0.02793501354963,0.009821769988869,0.018026967817623,0.019134343879646,0.007463730860528,7.39391869721851E-05,1.024E-05
232,11,563.52952631579,4511.88830173482,-1661.49311420539,18.2592260681879,3.36845914306575,11.9252849492896,512.498723588994,512.169372450123,181.647202338885,39.7857754673289,1.66237724425677,0.036692889497536,0.132088716218369,0.556487362124012,0.560988296916492,0.122314406475861,0.001000824169229,1.024E-05
233,12,563.52952631579,4404.97612469556,-1667.22218310132,2.99714092254582,3.9145381654687,82.270871367738,512.499354354055,512.487218131598,137.357405702014,28.8172894582226,4.80365694637557,0.043251963086084,0.016458887739748,0.07192003729484,0.072209018760115,0.015149141123957,0.00016316147955,1.024E-05
234,13,563.52952631579,4594.33122479557,-1375.7495183886,0.476024567561201,10.8428480077756,926.861929666,512.49943435407,512.491507017694,140.730705957567,40.7391133576494,1.68125740648899,0.078636246301715,0.00367882931249,0.011873082776667,0.011940236725353,0.003456379939682,3.79106103785897E-05,1.024E-05
235,14,563.52952631579,4475.58898865501,16226.1762520667,36.6440214662887,4.76527766653091,327.278148588343,512.49747490404,512.666858160109,159.819763701166,-11.4516741283658,1.56139279323119,0.068233664064774,0.002407659195026,0.033317167010094,0.033339540125248,0.002387296104437,2.12350073891645E-05,1.024E-05
236,15,563.52952631579,4278.44075262017,-468.211430791179,0.469801133235688,15.670479505883,520.76364893534,512.486277858244,512.496285243071,64.3877174520341,48.5567128283311,1.88583775370143,0.062259052955113,0.006012833282217,0.007537093796761,0.00769814204125,0.005805218048707,0.000295606117331,1.024E-05
237,16,563.52952631579,4363.17134308007,-2221.80202041732,0.466515169260026,163.0480212643,2591.3349575058,512.49939367625,512.493945559377,124.494783899326,46.7426149774276,1.63936619348908,0.06016966902215,0.001100749908694,0.002884792189785,0.002890631560185,0.00108533556601,1.43526318435545E-05,1.024E-05
238,1,564.118684210526,4458.21232566804,-1946.95822614729,0.669511555305178,9.78535246095132,1816.94560357426,512.499969266277,512.488708475295,172.668908297856,47.402372938191,1.64900890698626,0.115935024044356,0.003134423124861,0.010984110884563,0.011037913405355,0.003023204933643,2.67858539822872E-05,1.024E-05
239,2,564.118684210526,4427.43838194467,-1108.95331683117,1.45802158604347,3.84210814691298,81.4866512985366,512.494665445619,512.458150620775,175.712694599548,45.0806917585712,-1.43405863706058,0.037256541244271,0.023159033903548,0.079614228227479,0.080509083858237,0.020600418507452,0.000177546442624,1.024E-05
240,3,564.118684210526,4489.92447670638,18520.2752071282,113.391180371277,4.06292586993086,183.588122001657,512.496057455958,512.605838317715,169.67423572907,19.3110363635457,-1.57903510491652,0.056795046436888,0.005987564085283,0.05248045856557,0.052569158602263,0.005972137023173,5.04399903269946E-05,1.024E-05
241,4,564.118684210526,4603.95218063416,-2163.17375127751,86.0044877801908,3.32088321169238,4.14711144358612,512.379665266317,512.929084714113,27.285603541121,159.037155954113,1.64121857761613,0.046305452973411,0.328371810281752,1.77006232613673,0.304443630789836,1.77530758866037,0.002790633464571,1.024E-05
242,5,564.118684210526,4435.77619565023,-30549.6408947959,14190.3706652954,3.35235762617463,5.48204326748425,512.478946723469,512.447211325235,167.748633576773,-37.5317256139572,1.57579103760906,0.038141783333762,0.261401670157237,1.1673119020521,1.16894836358072,0.261341353966988,0.00232001480105,1.024E-05
243,6,564.118684210526,4513.18439311792,4012.35871803505,4.91258058833645,6.19063408815679,155.682105883578,512.494698526634,512.798439851149,157.707484229415,12.1043705476702,1.53278517039212,0.066293416271786,0.005747911339927,0.067105081865695,0.067186215752636,0.005154105210242,4.64946100503379E-05,1.024E-05
244,7,564.118684210526,4351.04256542009,-2190.84613622144,3.91887672462327,6.29993367007868,269.619698514961,512.4967456558,512.49862022799,101.819482463251,39.1407305139699,1.64033196307956,0.052401766416281,0.007712209137581,0.019747696602613,0.019788441869011,0.007607053223314,0.000123981337849,1.024E-05
245,8,564.118684210526,4563.38681317666,-401.258259646411,0.08988572529615,6.24791621968668,245.96100235299,512.494801493404,512.491822814173,167.966564784311,65.9186488973424,1.93418232193621,0.027902972749625,0.009731887894773,0.018006612653396,0.019063758970888,0.007477238939097,7.4422810772664E-05,1.024E-05
246,11,564.118684210526,4511.88830173482,-1826.81976084983,21.986552793883,3.37929868381656,11.9479351441841,512.501101049244,512.695111084414,181.473854142287,39.688554726302,1.65412940633483,0.03672379565588,0.130055865859261,0.555787578256635,0.559891571963881,0.121908543103544,0.000998312245272,1.024E-05
247,12,564.118684210526,4404.97612469556,-1847.25439083972,3.6804332851691,3.92540272038356,82.2487023103518,512.499652209955,512.503645045828,137.180827068769,28.864147024844,7.93639706114235,0.043181876678709,0.016223904847416,0.071784383312941,0.07201967838732,0.015153422375473,0.00016346034042,1.024E-05
248,13,564.118684210526,4594.33122479557,-1486.54717070002,0.554276340073243,10.9163286264054,926.737367935689,512.499446716201,512.495505615164,140.606813694898,40.7781449337755,1.67308393584098,0.078378138703797,0.003639324646608,0.011834756752273,0.011892170068121,0.003448806194772,3.78736497084347E-05,1.024E-05
249,14,564.118684210526,4475.58898865501,8753.79325388036,10.6363922646848,4.78029115644226,327.049654830096,512.497269991053,512.752224423876,160.050047295665,11.4601543094288,1.55336703245106,0.068035200420721,0.002453039239918,0.033287702615177,0.033314115254741,0.002383799294285,2.11733661366976E-05,1.024E-05
250,15,564.118684210526,4278.44075262017,-506.762074570948,0.55591927525696,15.6047414185102,520.863744066075,512.485994326116,512.496499160828,64.1820579208282,48.6966648491862,1.86326530073478,0.062387488041863,0.006008849537212,0.007551028327049,0.007687820096088,0.005832814347515,0.000302853681764,1.024E-05
251,16,564.118684210526,4363.17134308007,-2625.43790356525,0.656280066612283,160.582002927021,2591.72786493985,512.499323292796,512.495043164262,124.418840936966,46.7665143108895,1.62885004534338,0.06061855716095,0.001104958863703,0.00290575992352,0.002909974050679,0.001093825388677,1.44790905486361E-05,1.024E-05
252,1,564.707842105263,4458.21232566804,-2202.33957459657,0.848163343048444,9.97708630046348,1816.74277441358,512.500139117922,512.491616831302,172.558060649382,47.4386482598272,1.63997023418152,0.114736010622408,0.003080832029408,0.010871323759429,0.010917826649797,0.002994546143233,2.65553011583841E-05,1.024E-05
253,2,564.707842105263,4427.43838194467,-1183.96338005793,1.66661862963906,3.8292047123272,81.5063944142476,512.494832915744,512.491072606028,175.503891681049,45.109474736342,-1.44262395479418,0.03738259366734,0.022941897378815,0.079856467567469,0.080667683415312,0.020676804816921,0.0001784536696,1.024E-05
254,3,564.707842105263,4489.92447670638,9106.15423501127,27.3216165732477,4.07399150851761,183.656395608108,512.496041239157,512.581138489448,169.776495703929,19.301839790396,-1.58755132651851,0.056674625336601,0.006018220478461,0.052376664402428,0.052471351008893,0.005954730723265,5.02613943556138E-05,1.024E-05
255,4,564.707842105263,4603.95218063416,-2471.01387806314,111.119519079221,3.3070362451529,4.16872173998851,512.391620817826,512.558070412685,-26.8103565297289,158.60097608067,1.63246914257697,0.046875853906299,0.320110229921451,1.77826391575595,0.301195600360903,1.78250219621667,0.002766350152775,1.024E-05
256,5,564.707842105263,4435.77619565023,34904.851209311,18634.2181742359,3.35393209399127,5.49639706461969,512.478911665101,512.251234264472,166.959222292377,-37.635127951225,1.5664248164361,0.038187682589136,0.261534073193196,1.1600035400334,1.16151459241433,0.261485154144418,0.002333734055771,1.024E-05
257,6,564.707842105263,4513.18439311792,3316.64436439195,3.39620859553368,5.97916881998688,156.159870615943,512.494577490386,512.799372587921,157.720953430144,12.0453103759812,1.52482203661866,0.067568824233639,0.006078158023636,0.068172241531575,0.068277223001345,0.005212097726881,4.70108767781593E-05,1.024E-05
258,7,564.707842105263,4351.04256542009,-2572.38598849396,5.41216734307139,6.27053471013352,269.719348976195,512.497093176285,512.50265169776,101.763402496472,39.1492067696701,1.63004455150398,0.052528491790365,0.007700847985371,0.01978846987641,0.019818091929073,0.007624292327564,0.000124363688916,1.024E-05
259,8,564.707842105263,4563.38681317666,-411.149001436235,0.094930033578098,6.21436514847888,245.855866576036,512.494868186569,512.490999442079,167.526559464841,66.1388579171176,1.92616588126722,0.027996699455815,0.009689933932127,0.018074733604852,0.019085859138718,0.007530637722681,7.5315511013008E-05,1.024E-05
260,11,564.707842105263,4511.88830173482,-2037.71930993898,27.2823890331207,3.38048304737212,11.9509871234745,512.502332102765,512.549644995788,181.336393284092,39.6902610356169,1.64553853741576,0.036659566496098,0.128218450970621,0.554576250418819,0.558305727454002,0.121645436969497,0.00099697746242,1.024E-05
261,12,564.707842105263,4404.97612469556,-2091.44038709432,4.7381093204323,3.89372226356755,82.253606018514,512.499547067418,512.469976314411,136.968803747924,28.8766879358337,11.0684035279921,0.043342026225531,0.016056752166082,0.071981113510118,0.072165523781811,0.015214482020803,0.00016441013493,1.024E-05
262,13,564.707842105263,4594.33122479557,-1633.8197748191,0.670647430228179,10.8780402901503,926.960249158386,512.49962003235,512.499003564343,140.482199019289,40.8023647441158,1.66391954661618,0.078529698296068,0.003615282166271,0.011854042217674,0.011901747633559,0.003456705273598,3.80044462276028E-05,1.024E-05
263,14,564.707842105263,4475.58898865501,5868.68955375267,4.77576740366121,4.75628440178547,327.370679482911,512.497863734524,512.793152229271,160.351954985285,11.443319774493,1.54480184895701,0.068237842581271,0.002537564082309,0.033410943462629,0.033444284246971,0.002385063952515,2.11440156688341E-05,1.024E-05
264,15,564.707842105263,4278.44075262017,-538.090604587328,0.628403845232702,15.6660449630562,520.878835670406,512.486184808157,512.496088510325,64.0630101080134,48.786882061628,1.84711505736212,0.062276754611759,0.005988246834944,0.007539109785216,0.007659782115569,0.00583309642862,0.000306519463342,1.024E-05
265,16,564.707842105263,4363.17134308007,-3158.43003590429,0.958119598844211,157.984820957503,2591.435984325,512.499252533281,512.495762036149,124.357862160933,46.7922749658759,1.61907010280521,0.061122141881372,0.001111407060068,0.002930097110325,0.002933034975781,0.001103643633352,1.4621260559515E-05,1.024E-05
266,1,565.297,4458.21232566804,-2540.91144124749,1.12597850432207,10.0335308123888,1816.76094746463,512.500135753895,512.49179516117,172.455133704595,47.46043930628,1.63077671747107,0.114424708216244,0.003052677781555,0.010841442074901,0.010881826773407,0.002987841353583,2.65159832084159E-05,1.024E-05
267,2,565.297,4427.43838194467,-1275.10325715404,1.93377686077496,3.83652870351736,81.4914829003244,512.49472532892,512.497410713623,175.283827184878,45.173705816933,-1.45169560217422,0.037353608878417,0.022658928060291,0.079798322829279,0.080523669826032,0.020697095569699,0.000178920720773,1.024E-05
268,3,565.297,4489.92447670638,6121.67539051958,12.3531234852362,4.06887260555814,183.577703880968,512.496205704465,512.632432748903,169.920433624554,19.3013296728071,-1.59571700485234,0.056708929704016,0.006100564624606,0.052466080350746,0.052570664140276,0.005960614015475,5.02674108262413E-05,1.024E-05
269,4,565.297,4603.95218063416,-3073.79515848743,174.213172449193,3.33382937498094,4.21387678967482,512.394925936996,512.385204659458,156.145849781894,27.058997755425,1.62039713879754,0.046821378020848,0.312158258416972,1.73149180290783,1.73426056180841,0.300438852150279,0.00280661154314,1.024E-05
270,5,565.297,4435.77619565023,12190.4116398783,2257.47191400365,3.34639186006233,5.50729816311678,512.474338315129,512.558438745525,167.388500259556,-37.4545815222207,1.55827993875886,0.038301354588661,0.260846648956807,1.16364299717127,1.16528650398704,0.260469374088482,0.002317595532486,1.024E-05
271,6,565.297,4513.18439311792,2806.8686767275,2.42782657871834,5.94441317021576,156.42579985302,512.494571251838,512.750544287721,157.753547570643,12.0354264372928,1.51648746458478,0.067575011242381,0.00637438791161,0.068046239581784,0.068179248153861,0.005199008666531,4.68826316413703E-05,1.024E-05
272,7,565.297,4351.04256542009,-3141.11263943133,8.07941788177793,6.26464094750693,269.787621191585,512.496707967809,512.511620749824,101.696247371378,39.1627464574789,1.61933582624013,0.052591804098569,0.007685739712491,0.019803817970038,0.019823705093,0.007634298874198,0.000124654937112,1.024E-05
273,8,565.297,4563.38681317666,-421.796874322562,0.09973331684128,6.24355996395105,245.837099442503,512.495170660901,512.499916283829,167.068522654588,66.3124101675518,1.9179062831877,0.027908666153755,0.009577254202888,0.018016976197361,0.018975271408425,0.007527234242413,7.56382909576632E-05,1.024E-05
274,11,565.297,4511.88830173482,-2317.67811546345,35.3540193833279,3.36913239224911,11.9650435126873,512.505455290269,512.713449417664,181.174990989893,39.6840457758438,1.63653798423615,0.036783276953381,0.127007167922028,0.555649487096905,0.559040409286127,0.121892561352946,0.000999940746341,1.024E-05
275,12,565.297,4404.97612469556,-2373.558559327,6.10486951433838,3.8898018093387,82.2996287603662,512.499430151501,512.467853537637,136.914259487482,28.9001394062174,7.91817984246413,0.04337607776934,0.015888610569121,0.072013013475281,0.072156684940537,0.015230864611692,0.00016466656152,1.024E-05
276,13,565.297,4594.33122479557,-1790.0040715774,0.808882071400524,10.7940036345344,926.902107675631,512.49945383696,512.500104952029,140.37045920964,40.8311168516942,1.65583518064796,0.07887727166357,0.003607726839383,0.011905663638573,0.011945669078451,0.003474678301756,3.82430746944864E-05,1.024E-05
277,14,565.297,4475.58898865501,4474.48816866746,2.767687873469,4.76742889591107,327.48599751401,512.497554213299,512.840216784498,160.596634335799,11.4398792767638,-1.60488486976495,0.068147734547828,0.002637458050902,0.033397411478935,0.033439326599032,0.002380275530029,2.106908579853E-05,1.024E-05
278,15,565.297,4278.44075262017,-585.559321886394,0.7552737027121,15.4547140894967,520.837697143949,512.485990109915,512.495765175433,63.9063329616492,48.9142859630711,1.8257121289142,0.062710054226889,0.006020755812486,0.007592672166835,0.007694710479203,0.005889787916652,0.000314738761654,1.024E-05
279,16,565.297,4363.17134308007,-4082.59675938888,1.61750111300748,154.666986106034,2591.66245047753,512.499202529334,512.497556586188,124.309414108756,46.8056693609188,1.608154143105,0.061765488219096,0.001120181215039,0.002960706791533,0.002962485722057,0.001115481275938,1.47871827201447E-05,1.024E-05
280,1,559.7,4458.21232566804,-1039.3594223725,0.190767006515853,9.73368324144102,1816.78443419185,512.499355851064,512.485032961516,173.991316114843,47.0716218780012,1.71656458042201,0.11610869600321,0.00338499883903,0.011008015916989,0.011140271687588,0.003006920217289,2.63773338914351E-05,1.024E-05
281,2,559.7,4427.43838194467,-740.578567041954,0.652316487992273,3.81841296073059,81.4922105800225,512.494425623829,512.478339139685,177.676057438859,44.6274009493074,8.05717689481066,0.037427869583002,0.025954388292334,0.080013396293533,0.08178351887715,0.020486064219925,0.000174092512197,1.024E-05
282,3,559.7,4489.92447670638,-2823.77041190471,2.62317495872419,4.04944468642931,184.110971429098,512.495558209284,512.356541271384,170.31670436651,19.2206310392814,1.62478075529865,0.057011679280533,0.006587442528826,0.052655841078942,0.05282218599767,0.00594991240415,5.00520964705508E-05,1.024E-05
283,4,559.7,4603.95218063416,-1104.6313916749,21.7820248908725,3.31884972105867,4.22641386324964,512.415150213835,511.985423846084,159.273029668718,-26.2132621908887,1.70806232738463,0.0472181977751,0.378518536225068,1.76253223383977,1.77967174542604,0.292794741602045,0.002672851147942,1.024E-05
284,5,559.7,4435.77619565023,-2111.81966385448,67.7498204324231,3.36071504895133,5.53664032219671,512.463143798145,512.82960797515,37.3170094749123,166.628225414559,1.6429252044446,0.03831275837587,0.270461610393488,1.14970456542331,0.258021638772051,1.15394704901835,0.00230596731628,1.024E-05
285,6,559.7,4513.18439311792,-6051.04946897237,11.2496344967991,6.71978766803197,151.952850841912,512.487352467697,512.394645787691,157.140888578484,12.4380025555261,1.59600774854026,0.063198320593891,0.005427544551887,0.065334090108119,0.065384950290258,0.005173051168245,4.68512304490149E-05,1.024E-05
286,7,559.7,4351.04256542009,-1019.97293407269,0.845772137057434,6.30270706697255,269.707136956824,512.495999455216,512.483923507289,102.652236869644,38.8226930694413,1.71929499558676,0.052431572462034,0.008026661307748,0.01976640759845,0.019954460632706,0.007547030393608,0.0001213343429,1.024E-05
287,8,559.7,4563.38681317666,-340.369797000784,0.064489790381138,6.14656959354943,246.109562047545,512.494883204335,512.492787843504,171.618944498855,64.5059101350409,1.99223590314832,0.028121733919073,0.010467295894659,0.018145127133572,0.019619060855418,0.007369692846389,7.07254458635474E-05,1.024E-05
288,11,559.7,4511.88830173482,-1031.10213868735,7.01136235080921,3.36299756991479,11.9344608697439,512.506978353734,512.325584452984,182.959267693206,39.5313653455144,1.71771526248522,0.036679378581013,0.145555024150362,0.556341161992085,0.564419939787225,0.121381525560225,0.000984715705601,1.024E-05
289,12,559.7,4404.97612469556,-1012.74863613078,1.10000092621969,3.91570992831885,82.338682765718,512.499188018972,512.4549189304,138.590788383918,28.5886185771695,4.86193127551282,0.043243309876898,0.018382749077862,0.071998741395577,0.072777954822994,0.015012771828033,0.000160015217913,1.024E-05
290,13,559.7,4594.33122479557,-915.460158565452,0.205960988803475,11.2387872128026,927.148679859596,512.499073502367,512.468538522101,141.845299479713,40.4367130987777,1.73595690518968,0.077087138640518,0.003841562409785,0.011646056599176,0.011793922115267,0.003362069027673,3.64859110330071E-05,1.024E-05
291,14,559.7,4475.58898865501,-3452.88880901677,1.65526520793885,4.74457646651782,327.579760297071,512.497221624454,512.15839304591,160.736103779856,11.4305251983544,-1.52663368883919,0.068524521595877,0.002812139557329,0.033588768134378,0.033644288868202,0.002390803662146,2.11434168786306E-05,1.024E-05
292,15,559.7,4278.44075262017,-340.562720568881,0.235758325756113,15.5554099285708,520.616939907842,512.484528268353,512.489804059228,65.7402777131721,47.5969026836278,1.99202442519995,0.062497161804357,0.006132071414634,0.007571787883193,0.007892154230551,0.005713858006295,0.000258310410402,1.024E-05
293,16,559.7,4363.17134308007,-1130.80401181548,0.121827272400268,159.819921539892,2591.3721316093,512.498934708918,512.490099800601,125.261119314719,46.4706804023783,1.70492369400146,0.060812105027091,0.001150000033812,0.002916699426802,0.002939457902831,0.001090528236601,1.42775387214438E-05,1.024E-05
